Category,Used By File
Category:AAANUSEMEmailMahjong (toki pona),File:Sitelen-seli-kiwen-aAANUSEMEmailMahjong.svg
Category:Aasun (toki pona),File:Sitelen-seli-kiwen-aasun.svg
Category:Aja (toki pona),File:Sitelen-seli-kiwen-Aja.svg
Category:Aka (toki pona),File:Sitelen-seli-kiwen-aka.svg
Category:AkesiKon (toki pona),File:Sitelen-seli-kiwen-AkesiKon.svg
Category:Ako (toki pona),File:Sitelen-seli-kiwen-ako.svg
Category:Ako (toki pona),File:Sitelen-seli-kiwen-ako1.svg
Category:Ako (toki pona),File:Sitelen-seli-kiwen-ako2.svg
Category:Aku (toki pona),File:Sitelen-seli-kiwen-aku.svg
Category:Alente (toki pona),File:Sitelen-seli-kiwen-alente.svg
Category:Alisa (toki pona),File:Sitelen-seli-kiwen-Alisa.svg
Category:Alu (toki pona),File:Sitelen-seli-kiwen-alu.svg
Category:Amanka (toki pona),File:Sitelen-seli-kiwen-Amanka.svg
Category:Amelin (toki pona),File:Sitelen-seli-kiwen-Amelin.svg
Category:Amonka (toki pona),File:Sitelen-seli-kiwen-Amonka.svg
Category:Ana (toki pona),File:Sitelen-seli-kiwen-ana.svg
Category:Ani (toki pona),File:Sitelen-seli-kiwen-ani.svg
Category:Anpa lawa (toki pona),File:Sitelen-seli-kiwen-anpa-lawa.svg
Category:Ansu (toki pona),File:Sitelen-seli-kiwen-Ansu.svg
Category:Anta (toki pona),File:Sitelen-seli-kiwen-anta.svg
Category:Antepan (toki pona),File:Sitelen-seli-kiwen-Antepan.svg
Category:Antikontitutonelema (toki pona),File:Sitelen-seli-kiwen-antikontitutonelema.svg
Category:Antikontitutonelema (toki pona),File:Sitelen-seli-kiwen-antikontitutonelema1.svg
Category:Antikontitutonelema (toki pona),File:Sitelen-seli-kiwen-antikontitutonelema2.svg
Category:Apelo (toki pona),File:Sitelen-seli-kiwen-apelo.svg
Category:Api (toki pona),File:Sitelen-seli-kiwen-api.svg
Category:Api (toki pona),File:Sitelen-seli-kiwen-api1.svg
Category:Api (toki pona),File:Sitelen-seli-kiwen-api2.svg
Category:Api (toki pona),File:Sitelen-seli-kiwen-api3.svg
Category:Api (toki pona),File:Sitelen-seli-kiwen-api4.svg
Category:Asiku (toki pona),File:Sitelen-seli-kiwen-Asiku.svg
Category:Asu (toki pona),File:Sitelen-seli-kiwen-asu.svg
Category:Asuki (toki pona),File:Sitelen-seli-kiwen-Asuki.svg
Category:Asuto (toki pona),File:Sitelen-seli-kiwen-Asuto.svg
Category:Atu (toki pona),File:Sitelen-seli-kiwen-Atu.svg
Category:Awase (toki pona),File:Sitelen-seli-kiwen-awase.svg
Category:Eki (toki pona),File:Sitelen-seli-kiwen-eki.svg
Category:Eko (toki pona),File:Sitelen-seli-kiwen-Eko.svg
Category:Eko (toki pona),File:Sitelen-seli-kiwen-Eko1.svg
Category:Eko (toki pona),File:Sitelen-seli-kiwen-Eko2.svg
Category:Eko (toki pona),File:Sitelen-seli-kiwen-Eko3.svg
Category:Elen (toki pona),File:Sitelen-seli-kiwen-elen.svg
Category:Eliki (toki pona),File:Sitelen-seli-kiwen-eliki.svg
Category:Ene (toki pona),File:Sitelen-seli-kiwen-ene.svg
Category:Enepi (toki pona),File:Sitelen-seli-kiwen-enepi.svg
Category:Eni (toki pona),File:Sitelen-seli-kiwen-eni.svg
Category:Enki (toki pona),File:Sitelen-seli-kiwen-Enki.svg
Category:Enko (toki pona),File:Sitelen-seli-kiwen-enko.svg
Category:Enko (toki pona),File:Sitelen-seli-kiwen-enko1.svg
Category:Enko (toki pona),File:Sitelen-seli-kiwen-enko2.svg
Category:Enko (toki pona),File:Sitelen-seli-kiwen-enko3.svg
Category:Epikule (toki pona),File:Sitelen-seli-kiwen-epikule.svg
Category:Esile (toki pona),File:Sitelen-seli-kiwen-Esile.svg
Category:Ete (toki pona),File:Sitelen-seli-kiwen-ete.svg
Category:Ete (toki pona),File:Sitelen-seli-kiwen-ete1.svg
Category:Ete (toki pona),File:Sitelen-seli-kiwen-ete2.svg
Category:Ewe (toki pona),File:Sitelen-seli-kiwen-ewe.svg
Category:Eweke (toki pona),File:Sitelen-seli-kiwen-Eweke.svg
Category:Eweke (toki pona),File:Sitelen-seli-kiwen-Eweke1.svg
Category:Eweke (toki pona),File:Sitelen-seli-kiwen-Eweke2.svg
Category:Fairfax (toki pona),File:Sitelen-seli-kiwen-Fairfax.svg
Category:HD (toki pona),File:Sitelen-seli-kiwen-HD.svg
Category:Ijo Stella (toki pona),File:Sitelen-seli-kiwen-ijo-Stella.svg
Category:Ijo akesi (toki pona),File:Sitelen-seli-kiwen-ijo-akesi.svg
Category:Ijo akesi (toki pona),File:Sitelen-seli-kiwen-ijo-akesi1.svg
Category:Ijo akesi (toki pona),File:Sitelen-seli-kiwen-ijo-akesi2.svg
Category:Ijo ala (toki pona),File:Sitelen-seli-kiwen-ijo-ala.svg
Category:Ijo alasa (toki pona),File:Sitelen-seli-kiwen-ijo-alasa.svg
Category:Ijo ale (toki pona),File:Sitelen-seli-kiwen-ijo-ale.svg
Category:Ijo ali (toki pona),File:Sitelen-seli-kiwen-ijo-ali.svg
Category:Ijo anpa (toki pona),File:Sitelen-seli-kiwen-ijo-anpa.svg
Category:Ijo ante (toki pona),File:Sitelen-seli-kiwen-ijo-ante.svg
Category:Ijo anu (toki pona),File:Sitelen-seli-kiwen-ijo-anu.svg
Category:Ijo apeja (toki pona),File:Sitelen-seli-kiwen-ijo-apeja.svg
Category:Ijo awen (toki pona),File:Sitelen-seli-kiwen-ijo-awen.svg
Category:Ijo en (toki pona),File:Sitelen-seli-kiwen-ijo-en.svg
Category:Ijo esun (toki pona),File:Sitelen-seli-kiwen-ijo-esun.svg
Category:Ijo ike (toki pona),File:Sitelen-seli-kiwen-ijo-ike.svg
Category:Ijo ilo (toki pona),File:Sitelen-seli-kiwen-ijo-ilo.svg
Category:Ijo insa (toki pona),File:Sitelen-seli-kiwen-ijo-insa.svg
Category:Ijo jaki (toki pona),File:Sitelen-seli-kiwen-ijo-jaki.svg
Category:Ijo jan (toki pona),File:Sitelen-seli-kiwen-ijo-jan.svg
Category:Ijo jelo (toki pona),File:Sitelen-seli-kiwen-ijo-jelo.svg
Category:Ijo jo (toki pona),File:Sitelen-seli-kiwen-ijo-jo.svg
Category:Ijo kala (toki pona),File:Sitelen-seli-kiwen-ijo-kala.svg
Category:Ijo kala (toki pona),File:Sitelen-seli-kiwen-ijo-kala1.svg
Category:Ijo kala (toki pona),File:Sitelen-seli-kiwen-ijo-kala2.svg
Category:Ijo kalama (toki pona),File:Sitelen-seli-kiwen-ijo-kalama.svg
Category:Ijo kama (toki pona),File:Sitelen-seli-kiwen-ijo-kama.svg
Category:Ijo kasi (toki pona),File:Sitelen-seli-kiwen-ijo-kasi.svg
Category:Ijo ken (toki pona),File:Sitelen-seli-kiwen-ijo-ken.svg
Category:Ijo kepeken (toki pona),File:Sitelen-seli-kiwen-ijo-kepeken.svg
Category:Ijo kepen (toki pona),File:Sitelen-seli-kiwen-ijo-kepen.svg
Category:Ijo kijetesantakalu (toki pona),File:Sitelen-seli-kiwen-ijo-kijetesantakalu.svg
Category:Ijo kili (toki pona),File:Sitelen-seli-kiwen-ijo-kili.svg
Category:Ijo kin (toki pona),File:Sitelen-seli-kiwen-ijo-kin.svg
Category:Ijo kipisi (toki pona),File:Sitelen-seli-kiwen-ijo-kipisi.svg
Category:Ijo kiwen (toki pona),File:Sitelen-seli-kiwen-ijo-kiwen.svg
Category:Ijo ko (toki pona),File:Sitelen-seli-kiwen-ijo-ko.svg
Category:Ijo kon (toki pona),File:Sitelen-seli-kiwen-ijo-kon.svg
Category:Ijo kule (toki pona),File:Sitelen-seli-kiwen-ijo-kule.svg
Category:Ijo kulupu (toki pona),File:Sitelen-seli-kiwen-ijo-kulupu.svg
Category:Ijo kute (toki pona),File:Sitelen-seli-kiwen-ijo-kute.svg
Category:Ijo lape (toki pona),File:Sitelen-seli-kiwen-ijo-lape.svg
Category:Ijo laso (toki pona),File:Sitelen-seli-kiwen-ijo-laso.svg
Category:Ijo lawa (toki pona),File:Sitelen-seli-kiwen-ijo-lawa.svg
Category:Ijo leko (toki pona),File:Sitelen-seli-kiwen-ijo-leko.svg
Category:Ijo len (toki pona),File:Sitelen-seli-kiwen-ijo-len.svg
Category:Ijo lete (toki pona),File:Sitelen-seli-kiwen-ijo-lete.svg
Category:Ijo lili (toki pona),File:Sitelen-seli-kiwen-ijo-lili.svg
Category:Ijo linja (toki pona),File:Sitelen-seli-kiwen-ijo-linja.svg
Category:Ijo lipu (toki pona),File:Sitelen-seli-kiwen-ijo-lipu.svg
Category:Ijo loje (toki pona),File:Sitelen-seli-kiwen-ijo-loje.svg
Category:Ijo lon (toki pona),File:Sitelen-seli-kiwen-ijo-lon.svg
Category:Ijo luka (toki pona),File:Sitelen-seli-kiwen-ijo-luka.svg
Category:Ijo lukin (toki pona),File:Sitelen-seli-kiwen-ijo-lukin.svg
Category:Ijo lupa (toki pona),File:Sitelen-seli-kiwen-ijo-lupa.svg
Category:Ijo ma (toki pona),File:Sitelen-seli-kiwen-ijo-ma.svg
Category:Ijo mama (toki pona),File:Sitelen-seli-kiwen-ijo-mama.svg
Category:Ijo mani (toki pona),File:Sitelen-seli-kiwen-ijo-mani.svg
Category:Ijo meli (toki pona),File:Sitelen-seli-kiwen-ijo-meli.svg
Category:Ijo meli (toki pona),File:Sitelen-seli-kiwen-ijo-meli1.svg
Category:Ijo meli (toki pona),File:Sitelen-seli-kiwen-ijo-meli2.svg
Category:Ijo mi (toki pona),File:Sitelen-seli-kiwen-ijo-mi.svg
Category:Ijo mi (toki pona),File:Sitelen-seli-kiwen-ijo-mi1.svg
Category:Ijo mi (toki pona),File:Sitelen-seli-kiwen-ijo-mi2.svg
Category:Ijo mije (toki pona),File:Sitelen-seli-kiwen-ijo-mije.svg
Category:Ijo mije (toki pona),File:Sitelen-seli-kiwen-ijo-mije1.svg
Category:Ijo mije (toki pona),File:Sitelen-seli-kiwen-ijo-mije2.svg
Category:Ijo moku (toki pona),File:Sitelen-seli-kiwen-ijo-moku.svg
Category:Ijo moli (toki pona),File:Sitelen-seli-kiwen-ijo-moli.svg
Category:Ijo moli (toki pona),File:Sitelen-seli-kiwen-ijo-moli1.svg
Category:Ijo moli (toki pona),File:Sitelen-seli-kiwen-ijo-moli2.svg
Category:Ijo monsi (toki pona),File:Sitelen-seli-kiwen-ijo-monsi.svg
Category:Ijo monsuta (toki pona),File:Sitelen-seli-kiwen-ijo-monsuta.svg
Category:Ijo mu (toki pona),File:Sitelen-seli-kiwen-ijo-mu.svg
Category:Ijo mun (toki pona),File:Sitelen-seli-kiwen-ijo-mun.svg
Category:Ijo musi (toki pona),File:Sitelen-seli-kiwen-ijo-musi.svg
Category:Ijo mute (toki pona),File:Sitelen-seli-kiwen-ijo-mute.svg
Category:Ijo namako (toki pona),File:Sitelen-seli-kiwen-ijo-namako.svg
Category:Ijo namako (toki pona),File:Sitelen-seli-kiwen-ijo-namako1.svg
Category:Ijo namako (toki pona),File:Sitelen-seli-kiwen-ijo-namako2.svg
Category:Ijo nanpa (toki pona),File:Sitelen-seli-kiwen-ijo-nanpa.svg
Category:Ijo nasa (toki pona),File:Sitelen-seli-kiwen-ijo-nasa.svg
Category:Ijo nasin (toki pona),File:Sitelen-seli-kiwen-ijo-nasin.svg
Category:Ijo nena (toki pona),File:Sitelen-seli-kiwen-ijo-nena.svg
Category:Ijo ni (toki pona),File:Sitelen-seli-kiwen-ijo-ni.svg
Category:Ijo ni li seme (toki pona),File:Sitelen-seli-kiwen-ijo-ni-li-seme.svg
Category:Ijo nimi (toki pona),File:Sitelen-seli-kiwen-ijo-nimi.svg
Category:Ijo noka (toki pona),File:Sitelen-seli-kiwen-ijo-noka.svg
Category:Ijo oko (toki pona),File:Sitelen-seli-kiwen-ijo-oko.svg
Category:Ijo olin (toki pona),File:Sitelen-seli-kiwen-ijo-olin.svg
Category:Ijo olin (toki pona),File:Sitelen-seli-kiwen-ijo-olin1.svg
Category:Ijo olin (toki pona),File:Sitelen-seli-kiwen-ijo-olin2.svg
Category:Ijo ona (toki pona),File:Sitelen-seli-kiwen-ijo-ona.svg
Category:Ijo ona (toki pona),File:Sitelen-seli-kiwen-ijo-ona1.svg
Category:Ijo ona (toki pona),File:Sitelen-seli-kiwen-ijo-ona2.svg
Category:Ijo open (toki pona),File:Sitelen-seli-kiwen-ijo-open.svg
Category:Ijo pakala (toki pona),File:Sitelen-seli-kiwen-ijo-pakala.svg
Category:Ijo pake (toki pona),File:Sitelen-seli-kiwen-ijo-pake.svg
Category:Ijo pali (toki pona),File:Sitelen-seli-kiwen-ijo-pali.svg
Category:Ijo palisa (toki pona),File:Sitelen-seli-kiwen-ijo-palisa.svg
Category:Ijo pan (toki pona),File:Sitelen-seli-kiwen-ijo-pan.svg
Category:Ijo pana (toki pona),File:Sitelen-seli-kiwen-ijo-pana.svg
Category:Ijo pilin (toki pona),File:Sitelen-seli-kiwen-ijo-pilin.svg
Category:Ijo pimeja (toki pona),File:Sitelen-seli-kiwen-ijo-pimeja.svg
Category:Ijo pini (toki pona),File:Sitelen-seli-kiwen-ijo-pini.svg
Category:Ijo pipi (toki pona),File:Sitelen-seli-kiwen-ijo-pipi.svg
Category:Ijo poka (toki pona),File:Sitelen-seli-kiwen-ijo-poka.svg
Category:Ijo poki (toki pona),File:Sitelen-seli-kiwen-ijo-poki.svg
Category:Ijo pona (toki pona),File:Sitelen-seli-kiwen-ijo-pona.svg
Category:Ijo pu (toki pona),File:Sitelen-seli-kiwen-ijo-pu.svg
Category:Ijo sama (toki pona),File:Sitelen-seli-kiwen-ijo-sama.svg
Category:Ijo seli (toki pona),File:Sitelen-seli-kiwen-ijo-seli.svg
Category:Ijo selo (toki pona),File:Sitelen-seli-kiwen-ijo-selo.svg
Category:Ijo seme (toki pona),File:Sitelen-seli-kiwen-ijo-seme.svg
Category:Ijo sewi (toki pona),File:Sitelen-seli-kiwen-ijo-sewi.svg
Category:Ijo sewi (toki pona),File:Sitelen-seli-kiwen-ijo-sewi1.svg
Category:Ijo sewi (toki pona),File:Sitelen-seli-kiwen-ijo-sewi2.svg
Category:Ijo sijelo (toki pona),File:Sitelen-seli-kiwen-ijo-sijelo.svg
Category:Ijo sike (toki pona),File:Sitelen-seli-kiwen-ijo-sike.svg
Category:Ijo sin (toki pona),File:Sitelen-seli-kiwen-ijo-sin.svg
Category:Ijo sina (toki pona),File:Sitelen-seli-kiwen-ijo-sina.svg
Category:Ijo sina (toki pona),File:Sitelen-seli-kiwen-ijo-sina1.svg
Category:Ijo sina (toki pona),File:Sitelen-seli-kiwen-ijo-sina2.svg
Category:Ijo sinpin (toki pona),File:Sitelen-seli-kiwen-ijo-sinpin.svg
Category:Ijo sitelen (toki pona),File:Sitelen-seli-kiwen-ijo-sitelen.svg
Category:Ijo sona (toki pona),File:Sitelen-seli-kiwen-ijo-sona.svg
Category:Ijo soweli (toki pona),File:Sitelen-seli-kiwen-ijo-soweli.svg
Category:Ijo suli (toki pona),File:Sitelen-seli-kiwen-ijo-suli.svg
Category:Ijo suno (toki pona),File:Sitelen-seli-kiwen-ijo-suno.svg
Category:Ijo supa (toki pona),File:Sitelen-seli-kiwen-ijo-supa.svg
Category:Ijo suwi (toki pona),File:Sitelen-seli-kiwen-ijo-suwi.svg
Category:Ijo tan (toki pona),File:Sitelen-seli-kiwen-ijo-tan.svg
Category:Ijo taso (toki pona),File:Sitelen-seli-kiwen-ijo-taso.svg
Category:Ijo tawa (toki pona),File:Sitelen-seli-kiwen-ijo-tawa.svg
Category:Ijo telo (toki pona),File:Sitelen-seli-kiwen-ijo-telo.svg
Category:Ijo tenpo (toki pona),File:Sitelen-seli-kiwen-ijo-tenpo.svg
Category:Ijo toki (toki pona),File:Sitelen-seli-kiwen-ijo-toki.svg
Category:Ijo tomo (toki pona),File:Sitelen-seli-kiwen-ijo-tomo.svg
Category:Ijo tonsi (toki pona),File:Sitelen-seli-kiwen-ijo-tonsi.svg
Category:Ijo tu (toki pona),File:Sitelen-seli-kiwen-ijo-tu.svg
Category:Ijo unpa (toki pona),File:Sitelen-seli-kiwen-ijo-unpa.svg
Category:Ijo uta (toki pona),File:Sitelen-seli-kiwen-ijo-uta.svg
Category:Ijo uta (toki pona),File:Sitelen-seli-kiwen-ijo-uta1.svg
Category:Ijo uta (toki pona),File:Sitelen-seli-kiwen-ijo-uta2.svg
Category:Ijo utala (toki pona),File:Sitelen-seli-kiwen-ijo-utala.svg
Category:Ijo vivi (toki pona),File:Sitelen-seli-kiwen-ijo-vivi.svg
Category:Ijo walo (toki pona),File:Sitelen-seli-kiwen-ijo-walo.svg
Category:Ijo wan (toki pona),File:Sitelen-seli-kiwen-ijo-wan.svg
Category:Ijo waso (toki pona),File:Sitelen-seli-kiwen-ijo-waso.svg
Category:Ijo wawa (toki pona),File:Sitelen-seli-kiwen-ijo-wawa.svg
Category:Ijo weka (toki pona),File:Sitelen-seli-kiwen-ijo-weka.svg
Category:Ijo wile (toki pona),File:Sitelen-seli-kiwen-ijo-wile.svg
Category:Ijo wile (toki pona),File:Sitelen-seli-kiwen-ijo-wile1.svg
Category:Ijo wile (toki pona),File:Sitelen-seli-kiwen-ijo-wile2.svg
Category:Ike ala (toki pona),File:Sitelen-seli-kiwen-ike-ala.svg
Category:Ike lili (toki pona),File:Sitelen-seli-kiwen-ike-lili.svg
Category:Ike lukin (toki pona),File:Sitelen-seli-kiwen-ike-lukin.svg
Category:Ike mute (toki pona),File:Sitelen-seli-kiwen-ike-mute.svg
Category:Iki (toki pona),File:Sitelen-seli-kiwen-iki.svg
Category:Iki (toki pona),File:Sitelen-seli-kiwen-iki1.svg
Category:Iki (toki pona),File:Sitelen-seli-kiwen-iki2.svg
Category:Ilaje (toki pona),File:Sitelen-seli-kiwen-Ilaje.svg
Category:Ilapa (toki pona),File:Sitelen-seli-kiwen-ilapa.svg
Category:Ilo kipisi (toki pona),File:Sitelen-seli-kiwen-ilo-kipisi.svg
Category:Ilo lape (toki pona),File:Sitelen-seli-kiwen-ilo-lape.svg
Category:Ilo lukin (toki pona),File:Sitelen-seli-kiwen-ilo-lukin.svg
Category:Ilo moli (toki pona),File:Sitelen-seli-kiwen-ilo-moli.svg
Category:Ilo moli (toki pona),File:Sitelen-seli-kiwen-ilo-moli1.svg
Category:Ilo moli (toki pona),File:Sitelen-seli-kiwen-ilo-moli2.svg
Category:Ilo musi (toki pona),File:Sitelen-seli-kiwen-ilo-musi.svg
Category:Ilo nanpa (toki pona),File:Sitelen-seli-kiwen-ilo-nanpa.svg
Category:Ilo oko (toki pona),File:Sitelen-seli-kiwen-ilo-oko.svg
Category:Ilo open (toki pona),File:Sitelen-seli-kiwen-ilo-open.svg
Category:Ilo suno (toki pona),File:Sitelen-seli-kiwen-ilo-suno.svg
Category:Ilo toki (toki pona),File:Sitelen-seli-kiwen-ilo-toki.svg
Category:Inta (toki pona),File:Sitelen-seli-kiwen-inta.svg
Category:Ipan (toki pona),File:Sitelen-seli-kiwen-Ipan.svg
Category:Ipawi (toki pona),File:Sitelen-seli-kiwen-Ipawi.svg
Category:Ipi (toki pona),File:Sitelen-seli-kiwen-ipi.svg
Category:Ipi (toki pona),File:Sitelen-seli-kiwen-ipi1.svg
Category:Ipi (toki pona),File:Sitelen-seli-kiwen-ipi2.svg
Category:Iseja (toki pona),File:Sitelen-seli-kiwen-Iseja.svg
Category:Iseki (toki pona),File:Sitelen-seli-kiwen-iseki.svg
Category:Isipin (toki pona),File:Sitelen-seli-kiwen-isipin.svg
Category:Itomi (toki pona),File:Sitelen-seli-kiwen-itomi.svg
Category:Ja (toki pona),File:Sitelen-seli-kiwen-ja.svg
Category:Jaku (toki pona),File:Sitelen-seli-kiwen-jaku.svg
Category:Jalan (toki pona),File:Sitelen-seli-kiwen-jalan.svg
Category:Jalepu (toki pona),File:Sitelen-seli-kiwen-Jalepu.svg
Category:Jami (toki pona),File:Sitelen-seli-kiwen-jami.svg
Category:Jan ala (toki pona),File:Sitelen-seli-kiwen-jan-ala.svg
Category:Jan alasa (toki pona),File:Sitelen-seli-kiwen-jan-alasa.svg
Category:Jan ale (toki pona),File:Sitelen-seli-kiwen-jan-ale.svg
Category:Jan ali (toki pona),File:Sitelen-seli-kiwen-jan-ali.svg
Category:Jan ante (toki pona),File:Sitelen-seli-kiwen-jan-ante.svg
Category:Jan ike (toki pona),File:Sitelen-seli-kiwen-jan-ike.svg
Category:Jan kala (toki pona),File:Sitelen-seli-kiwen-jan-kala.svg
Category:Jan kala (toki pona),File:Sitelen-seli-kiwen-jan-kala1.svg
Category:Jan kala (toki pona),File:Sitelen-seli-kiwen-jan-kala2.svg
Category:Jan kalama (toki pona),File:Sitelen-seli-kiwen-jan-kalama.svg
Category:Jan kasi (toki pona),File:Sitelen-seli-kiwen-jan-kasi.svg
Category:Jan kulupu (toki pona),File:Sitelen-seli-kiwen-jan-kulupu.svg
Category:Jan lawa (toki pona),File:Sitelen-seli-kiwen-jan-lawa.svg
Category:Jan lili (toki pona),File:Sitelen-seli-kiwen-jan-lili.svg
Category:Jan monsuta (toki pona),File:Sitelen-seli-kiwen-jan-monsuta.svg
Category:Jan mute (toki pona),File:Sitelen-seli-kiwen-jan-mute.svg
Category:Jan nasa (toki pona),File:Sitelen-seli-kiwen-jan-nasa.svg
Category:Jan ni (toki pona),File:Sitelen-seli-kiwen-jan-ni.svg
Category:Jan olin (toki pona),File:Sitelen-seli-kiwen-jan-olin.svg
Category:Jan olin (toki pona),File:Sitelen-seli-kiwen-jan-olin1.svg
Category:Jan olin (toki pona),File:Sitelen-seli-kiwen-jan-olin2.svg
Category:Jan pakala (toki pona),File:Sitelen-seli-kiwen-jan-pakala.svg
Category:Jan pali (toki pona),File:Sitelen-seli-kiwen-jan-pali.svg
Category:Jan poka (toki pona),File:Sitelen-seli-kiwen-jan-poka.svg
Category:Jan pona (toki pona),File:Sitelen-seli-kiwen-jan-pona.svg
Category:Jan sama (toki pona),File:Sitelen-seli-kiwen-jan-sama.svg
Category:Jan seme (toki pona),File:Sitelen-seli-kiwen-jan-seme.svg
Category:Jan sewi (toki pona),File:Sitelen-seli-kiwen-jan-sewi.svg
Category:Jan sewi (toki pona),File:Sitelen-seli-kiwen-jan-sewi1.svg
Category:Jan sewi (toki pona),File:Sitelen-seli-kiwen-jan-sewi2.svg
Category:Jan sin (toki pona),File:Sitelen-seli-kiwen-jan-sin.svg
Category:Jan sona (toki pona),File:Sitelen-seli-kiwen-jan-sona.svg
Category:Jan suli (toki pona),File:Sitelen-seli-kiwen-jan-suli.svg
Category:Jan suwi (toki pona),File:Sitelen-seli-kiwen-jan-suwi.svg
Category:Jan toki (toki pona),File:Sitelen-seli-kiwen-jan-toki.svg
Category:Jan unpa (toki pona),File:Sitelen-seli-kiwen-jan-unpa.svg
Category:Jan utala (toki pona),File:Sitelen-seli-kiwen-jan-utala.svg
Category:Jan wawa (toki pona),File:Sitelen-seli-kiwen-jan-wawa.svg
Category:Jans (toki pona),File:Sitelen-seli-kiwen-jans.svg
Category:Jasun (toki pona),File:Sitelen-seli-kiwen-Jasun.svg
Category:Je (toki pona),File:Sitelen-seli-kiwen-je.svg
Category:Je (toki pona),File:Sitelen-seli-kiwen-je1.svg
Category:Je (toki pona),File:Sitelen-seli-kiwen-je2.svg
Category:Jesi (toki pona),File:Sitelen-seli-kiwen-Jesi.svg
Category:Jete (toki pona),File:Sitelen-seli-kiwen-jete.svg
Category:Jew (toki pona),File:Sitelen-seli-kiwen-jew.svg
Category:Jonatan (toki pona),File:Sitelen-seli-kiwen-Jonatan.svg
Category:Jonke (toki pona),File:Sitelen-seli-kiwen-jonke.svg
Category:Ju (toki pona),File:Sitelen-seli-kiwen-ju.svg
Category:Jule (toki pona),File:Sitelen-seli-kiwen-jule.svg
Category:Jules (toki pona),File:Sitelen-seli-kiwen-Jules.svg
Category:Jume (toki pona),File:Sitelen-seli-kiwen-jume.svg
Category:Juniko (toki pona),File:Sitelen-seli-kiwen-Juniko.svg
Category:Jusijesuwa (toki pona),File:Sitelen-seli-kiwen-Jusijesuwa.svg
Category:Jusisa (toki pona),File:Sitelen-seli-kiwen-Jusisa.svg
Category:Kaken (toki pona),File:Sitelen-seli-kiwen-Kaken.svg
Category:Kala ike (toki pona),File:Sitelen-seli-kiwen-kala-ike.svg
Category:Kala lete (toki pona),File:Sitelen-seli-kiwen-kala-lete.svg
Category:Kala lete (toki pona),File:Sitelen-seli-kiwen-kala1-lete.svg
Category:Kala lili (toki pona),File:Sitelen-seli-kiwen-kala-lili.svg
Category:Kala lili (toki pona),File:Sitelen-seli-kiwen-kala1-lili.svg
Category:Kala pona (toki pona),File:Sitelen-seli-kiwen-kala-pona.svg
Category:Kala2 lete (toki pona),File:Sitelen-seli-kiwen-kala2-lete.svg
Category:Kala2 lili (toki pona),File:Sitelen-seli-kiwen-kala2-lili.svg
Category:KalamARR (toki pona),File:Sitelen-seli-kiwen-kalamARR.svg
Category:Kalama musi (toki pona),File:Sitelen-seli-kiwen-kalama-musi.svg
Category:Kalapisituwi (toki pona),File:Sitelen-seli-kiwen-kalapisituwi.svg
Category:Kalijopilale (toki pona),File:Sitelen-seli-kiwen-kalijopilale.svg
Category:Kalu (toki pona),File:Sitelen-seli-kiwen-Kalu.svg
Category:Kama pona (toki pona),File:Sitelen-seli-kiwen-kama-pona.svg
Category:Kama sona (toki pona),File:Sitelen-seli-kiwen-kama-sona.svg
Category:Kamalawala (toki pona),File:Sitelen-seli-kiwen-kamalawala.svg
Category:Kan (toki pona),File:Sitelen-seli-kiwen-kan.svg
Category:Kana (toki pona),File:Sitelen-seli-kiwen-kana.svg
Category:Kani (toki pona),File:Sitelen-seli-kiwen-kani.svg
Category:Kankuli (toki pona),File:Sitelen-seli-kiwen-kankuli.svg
Category:Kapa (toki pona),File:Sitelen-seli-kiwen-kapa.svg
Category:Kapesi (toki pona),File:Sitelen-seli-kiwen-kapesi.svg
Category:Kapesi (toki pona),File:Sitelen-seli-kiwen-kapesi1.svg
Category:Kapesi (toki pona),File:Sitelen-seli-kiwen-kapesi2.svg
Category:Kapilu (toki pona),File:Sitelen-seli-kiwen-Kapilu.svg
Category:Kasi jelo (toki pona),File:Sitelen-seli-kiwen-kasi-jelo.svg
Category:Kasi ko (toki pona),File:Sitelen-seli-kiwen-kasi-ko.svg
Category:Kasi kule (toki pona),File:Sitelen-seli-kiwen-kasi-kule.svg
Category:Kasi laso (toki pona),File:Sitelen-seli-kiwen-kasi-laso.svg
Category:Kasi lili (toki pona),File:Sitelen-seli-kiwen-kasi-lili.svg
Category:Kasi loje (toki pona),File:Sitelen-seli-kiwen-kasi-loje.svg
Category:Kasi pimeja (toki pona),File:Sitelen-seli-kiwen-kasi-pimeja.svg
Category:Kasi walo (toki pona),File:Sitelen-seli-kiwen-kasi-walo.svg
Category:Ke (toki pona),File:Sitelen-seli-kiwen-ke.svg
Category:Ke (toki pona),File:Sitelen-seli-kiwen-ke1.svg
Category:Ke (toki pona),File:Sitelen-seli-kiwen-ke2.svg
Category:KeTami (toki pona),File:Sitelen-seli-kiwen-KeTami.svg
Category:KekanSan (toki pona),File:Sitelen-seli-kiwen-KekanSan.svg
Category:Kekantesantakalu (toki pona),File:Sitelen-seli-kiwen-kekantesantakalu.svg
Category:Keli (toki pona),File:Sitelen-seli-kiwen-Keli.svg
Category:Kelo (toki pona),File:Sitelen-seli-kiwen-kelo.svg
Category:Kemu (toki pona),File:Sitelen-seli-kiwen-Kemu.svg
Category:Kepa (toki pona),File:Sitelen-seli-kiwen-kepa.svg
Category:Kepen (toki pona),File:Sitelen-seli-kiwen-kepen.svg
Category:Kepi (toki pona),File:Sitelen-seli-kiwen-Kepi.svg
Category:Kese (toki pona),File:Sitelen-seli-kiwen-kese.svg
Category:Kewe (toki pona),File:Sitelen-seli-kiwen-kewe.svg
Category:Ki (toki pona),File:Sitelen-seli-kiwen-ki.svg
Category:Kijan (toki pona),File:Sitelen-seli-kiwen-Kijan.svg
Category:Kije (toki pona),File:Sitelen-seli-kiwen-kije.svg
Category:Kije (toki pona),File:Sitelen-seli-kiwen-kije1.svg
Category:Kije (toki pona),File:Sitelen-seli-kiwen-kije2.svg
Category:Kijesankalu (toki pona),File:Sitelen-seli-kiwen-kijesankalu.svg
Category:Kijete (toki pona),File:Sitelen-seli-kiwen-kijete.svg
Category:Kijete (toki pona),File:Sitelen-seli-kiwen-kijete1.svg
Category:Kijete (toki pona),File:Sitelen-seli-kiwen-kijete2.svg
Category:Kijetesantakalu soweli (toki pona),File:Sitelen-seli-kiwen-kijetesantakalu-soweli.svg
Category:Kijosin (toki pona),File:Sitelen-seli-kiwen-kijosin.svg
Category:Kiki (toki pona),File:Sitelen-seli-kiwen-kiki.svg
Category:Kiki (toki pona),File:Sitelen-seli-kiwen-kiki1.svg
Category:Kiki (toki pona),File:Sitelen-seli-kiwen-kiki2.svg
Category:Kiki (toki pona),File:Sitelen-seli-kiwen-kiki3.svg
Category:Kiki (toki pona),File:Sitelen-seli-kiwen-kiki4.svg
Category:Kikolo (toki pona),File:Sitelen-seli-kiwen-kikolo.svg
Category:Kikulo (toki pona),File:Sitelen-seli-kiwen-kikulo.svg
Category:Kili jelo (toki pona),File:Sitelen-seli-kiwen-kili-jelo.svg
Category:Kili laso (toki pona),File:Sitelen-seli-kiwen-kili-laso.svg
Category:Kili lili (toki pona),File:Sitelen-seli-kiwen-kili-lili.svg
Category:Kili loje (toki pona),File:Sitelen-seli-kiwen-kili-loje.svg
Category:Kili palisa (toki pona),File:Sitelen-seli-kiwen-kili-palisa.svg
Category:Kili pimeja (toki pona),File:Sitelen-seli-kiwen-kili-pimeja.svg
Category:Kili suwi (toki pona),File:Sitelen-seli-kiwen-kili-suwi.svg
Category:Kili walo (toki pona),File:Sitelen-seli-kiwen-kili-walo.svg
Category:Kinute (toki pona),File:Sitelen-seli-kiwen-kinute.svg
Category:Kisa (toki pona),File:Sitelen-seli-kiwen-kisa.svg
Category:Kita (toki pona),File:Sitelen-seli-kiwen-Kita.svg
Category:Kitu (toki pona),File:Sitelen-seli-kiwen-kitu.svg
Category:Kiwen ike (toki pona),File:Sitelen-seli-kiwen-kiwen-ike.svg
Category:Kiwen jelo (toki pona),File:Sitelen-seli-kiwen-kiwen-jelo.svg
Category:Kiwen kasi (toki pona),File:Sitelen-seli-kiwen-kiwen-kasi.svg
Category:Kiwen laso (toki pona),File:Sitelen-seli-kiwen-kiwen-laso.svg
Category:Kiwen lete (toki pona),File:Sitelen-seli-kiwen-kiwen-lete.svg
Category:Kiwen lili (toki pona),File:Sitelen-seli-kiwen-kiwen-lili.svg
Category:Kiwen loje (toki pona),File:Sitelen-seli-kiwen-kiwen-loje.svg
Category:Kiwen mun (toki pona),File:Sitelen-seli-kiwen-kiwen-mun.svg
Category:Kiwen pimeja (toki pona),File:Sitelen-seli-kiwen-kiwen-pimeja.svg
Category:Kiwen pona (toki pona),File:Sitelen-seli-kiwen-kiwen-pona.svg
Category:Kiwen seli (toki pona),File:Sitelen-seli-kiwen-kiwen-seli.svg
Category:Kiwen suno (toki pona),File:Sitelen-seli-kiwen-kiwen-suno.svg
Category:Kiwen walo (toki pona),File:Sitelen-seli-kiwen-kiwen-walo.svg
Category:Ko jaki (toki pona),File:Sitelen-seli-kiwen-ko-jaki.svg
Category:Ko jelo (toki pona),File:Sitelen-seli-kiwen-ko-jelo.svg
Category:Ko kasi (toki pona),File:Sitelen-seli-kiwen-ko-kasi.svg
Category:Ko kule (toki pona),File:Sitelen-seli-kiwen-ko-kule.svg
Category:Ko laso (toki pona),File:Sitelen-seli-kiwen-ko-laso.svg
Category:Ko lete (toki pona),File:Sitelen-seli-kiwen-ko-lete.svg
Category:Ko lili (toki pona),File:Sitelen-seli-kiwen-ko-lili.svg
Category:Ko loje (toki pona),File:Sitelen-seli-kiwen-ko-loje.svg
Category:Ko nasa (toki pona),File:Sitelen-seli-kiwen-ko-nasa.svg
Category:Ko pimeja (toki pona),File:Sitelen-seli-kiwen-ko-pimeja.svg
Category:Ko seli (toki pona),File:Sitelen-seli-kiwen-ko-seli.svg
Category:Ko walo (toki pona),File:Sitelen-seli-kiwen-ko-walo.svg
Category:Koko (toki pona),File:Sitelen-seli-kiwen-Koko.svg
Category:Kokoliko (toki pona),File:Sitelen-seli-kiwen-kokoliko.svg
Category:Kolisin (toki pona),File:Sitelen-seli-kiwen-Kolisin.svg
Category:Kolo (toki pona),File:Sitelen-seli-kiwen-kolo.svg
Category:Kon lete (toki pona),File:Sitelen-seli-kiwen-kon-lete.svg
Category:Koni (toki pona),File:Sitelen-seli-kiwen-koni.svg
Category:Konsi (toki pona),File:Sitelen-seli-kiwen-konsi.svg
Category:Konwe (toki pona),File:Sitelen-seli-kiwen-konwe.svg
Category:Kosan (toki pona),File:Sitelen-seli-kiwen-kosan.svg
Category:Kosikosa (toki pona),File:Sitelen-seli-kiwen-kosikosa.svg
Category:Kulaso (toki pona),File:Sitelen-seli-kiwen-kulaso.svg
Category:Kule kasi (toki pona),File:Sitelen-seli-kiwen-kule-kasi.svg
Category:Kule kili (toki pona),File:Sitelen-seli-kiwen-kule-kili.svg
Category:Kule ma (toki pona),File:Sitelen-seli-kiwen-kule-ma.svg
Category:Kule mun (toki pona),File:Sitelen-seli-kiwen-kule-mun.svg
Category:Kule pilin (toki pona),File:Sitelen-seli-kiwen-kule-pilin.svg
Category:Kule sewi (toki pona),File:Sitelen-seli-kiwen-kule-sewi.svg
Category:Kule sewi (toki pona),File:Sitelen-seli-kiwen-kule-sewi1.svg
Category:Kule sewi (toki pona),File:Sitelen-seli-kiwen-kule-sewi2.svg
Category:Kule suno (toki pona),File:Sitelen-seli-kiwen-kule-suno.svg
Category:Kule telo (toki pona),File:Sitelen-seli-kiwen-kule-telo.svg
Category:Kule uta (toki pona),File:Sitelen-seli-kiwen-kule-uta.svg
Category:Kulepiku (toki pona),File:Sitelen-seli-kiwen-kulepiku.svg
Category:Kulijo (toki pona),File:Sitelen-seli-kiwen-kulijo.svg
Category:Kulijo (toki pona),File:Sitelen-seli-kiwen-kulijo1.svg
Category:Kulijo (toki pona),File:Sitelen-seli-kiwen-kulijo2.svg
Category:Kulu (toki pona),File:Sitelen-seli-kiwen-kulu.svg
Category:Kuntu (toki pona),File:Sitelen-seli-kiwen-kuntu.svg
Category:Kutopoma (toki pona),File:Sitelen-seli-kiwen-kutopoma.svg
Category:Lan (toki pona),File:Sitelen-seli-kiwen-lan.svg
Category:Lan (toki pona),File:Sitelen-seli-kiwen-lan1.svg
Category:Lan (toki pona),File:Sitelen-seli-kiwen-lan2.svg
Category:Lan sin (toki pona),File:Sitelen-seli-kiwen-lan-sin.svg
Category:Lan sin (toki pona),File:Sitelen-seli-kiwen-lan1-sin.svg
Category:Lan2 sin (toki pona),File:Sitelen-seli-kiwen-lan2-sin.svg
Category:Lansan (toki pona),File:Sitelen-seli-kiwen-lansan.svg
Category:Lape (toki pona),File:Sitelen-seli-kiwen-lape.svg
Category:Laso (toki pona),File:Sitelen-seli-kiwen-laso.svg
Category:Laso kasi (toki pona),File:Sitelen-seli-kiwen-laso-kasi.svg
Category:Laso mun (toki pona),File:Sitelen-seli-kiwen-laso-mun.svg
Category:Laso sewi (toki pona),File:Sitelen-seli-kiwen-laso-sewi.svg
Category:Laso sewi (toki pona),File:Sitelen-seli-kiwen-laso-sewi1.svg
Category:Laso sewi (toki pona),File:Sitelen-seli-kiwen-laso-sewi2.svg
Category:Laso telo (toki pona),File:Sitelen-seli-kiwen-laso-telo.svg
Category:Lato (toki pona),File:Sitelen-seli-kiwen-lato.svg
Category:Lawa (toki pona),File:Sitelen-seli-kiwen-lawa.svg
Category:Len jan (toki pona),File:Sitelen-seli-kiwen-len-jan.svg
Category:Len jelo (toki pona),File:Sitelen-seli-kiwen-len-jelo.svg
Category:Len laso (toki pona),File:Sitelen-seli-kiwen-len-laso.svg
Category:Len lawa (toki pona),File:Sitelen-seli-kiwen-len-lawa.svg
Category:Len lili (toki pona),File:Sitelen-seli-kiwen-len-lili.svg
Category:Len loje (toki pona),File:Sitelen-seli-kiwen-len-loje.svg
Category:Len luka (toki pona),File:Sitelen-seli-kiwen-len-luka.svg
Category:Len noka (toki pona),File:Sitelen-seli-kiwen-len-noka.svg
Category:Len pimeja (toki pona),File:Sitelen-seli-kiwen-len-pimeja.svg
Category:Len sin (toki pona),File:Sitelen-seli-kiwen-len-sin.svg
Category:Len walo (toki pona),File:Sitelen-seli-kiwen-len-walo.svg
Category:Lenlen (toki pona),File:Sitelen-seli-kiwen-lenlen.svg
Category:Lepeka (toki pona),File:Sitelen-seli-kiwen-Lepeka.svg
Category:Lijokuku (toki pona),File:Sitelen-seli-kiwen-lijokuku.svg
Category:Lijokuku (toki pona),File:Sitelen-seli-kiwen-lijokuku1.svg
Category:Lijokuku (toki pona),File:Sitelen-seli-kiwen-lijokuku2.svg
Category:Likujo (toki pona),File:Sitelen-seli-kiwen-likujo.svg
Category:Linja (toki pona),File:Sitelen-seli-kiwen-linja.svg
Category:Linja lili (toki pona),File:Sitelen-seli-kiwen-linja-lili.svg
Category:Linja pona (toki pona),File:Sitelen-seli-kiwen-linja-pona.svg
Category:Linja sike (toki pona),File:Sitelen-seli-kiwen-linja-sike.svg
Category:Linja suwi (toki pona),File:Sitelen-seli-kiwen-linja-suwi.svg
Category:Linku (toki pona),File:Sitelen-seli-kiwen-Linku.svg
Category:Linluwi (toki pona),File:Sitelen-seli-kiwen-linluwi.svg
Category:Linluwi (toki pona),File:Sitelen-seli-kiwen-linluwi1.svg
Category:Linluwi (toki pona),File:Sitelen-seli-kiwen-linluwi2.svg
Category:Linluwi (toki pona),File:Sitelen-seli-kiwen-linluwi3.svg
Category:Linluwi (toki pona),File:Sitelen-seli-kiwen-linluwi4.svg
Category:Linuwi (toki pona),File:Sitelen-seli-kiwen-linuwi.svg
Category:Linuwi (toki pona),File:Sitelen-seli-kiwen-linuwi1.svg
Category:Linuwi (toki pona),File:Sitelen-seli-kiwen-linuwi2.svg
Category:Linuwi (toki pona),File:Sitelen-seli-kiwen-linuwi3.svg
Category:Linuwi (toki pona),File:Sitelen-seli-kiwen-linuwi4.svg
Category:Lipamanka (toki pona),File:Sitelen-seli-kiwen-Lipamanka.svg
Category:Lipu kasi (toki pona),File:Sitelen-seli-kiwen-lipu-kasi.svg
Category:Lipu kule (toki pona),File:Sitelen-seli-kiwen-lipu-kule.svg
Category:Lipu majuna (toki pona),File:Sitelen-seli-kiwen-lipu-majuna.svg
Category:Lipu majuna (toki pona),File:Sitelen-seli-kiwen-lipu-majuna2.svg
Category:Lipu nanpa (toki pona),File:Sitelen-seli-kiwen-lipu-nanpa.svg
Category:Lipu nimi (toki pona),File:Sitelen-seli-kiwen-lipu-nimi.svg
Category:Lipu sewi (toki pona),File:Sitelen-seli-kiwen-lipu-sewi.svg
Category:Lipu sewi (toki pona),File:Sitelen-seli-kiwen-lipu-sewi1.svg
Category:Lipu sewi (toki pona),File:Sitelen-seli-kiwen-lipu-sewi2.svg
Category:Lipu sona (toki pona),File:Sitelen-seli-kiwen-lipu-sona.svg
Category:Lipu tenpo (toki pona),File:Sitelen-seli-kiwen-lipu-tenpo.svg
Category:Lipu toki (toki pona),File:Sitelen-seli-kiwen-lipu-toki.svg
Category:Lipu unpa (toki pona),File:Sitelen-seli-kiwen-lipu-unpa.svg
Category:Lisana (toki pona),File:Sitelen-seli-kiwen-lisana.svg
Category:Lisana (toki pona),File:Sitelen-seli-kiwen-lisana1.svg
Category:Lisana (toki pona),File:Sitelen-seli-kiwen-lisana2.svg
Category:Lo (toki pona),File:Sitelen-seli-kiwen-lo.svg
Category:Loje (toki pona),File:Sitelen-seli-kiwen-loje.svg
Category:Loje jelo (toki pona),File:Sitelen-seli-kiwen-loje-jelo.svg
Category:Loje walo (toki pona),File:Sitelen-seli-kiwen-loje-walo.svg
Category:Loka (toki pona),File:Sitelen-seli-kiwen-loka.svg
Category:Lokon (toki pona),File:Sitelen-seli-kiwen-lokon.svg
Category:Lokoso (toki pona),File:Sitelen-seli-kiwen-lokoso.svg
Category:Losupan (toki pona),File:Sitelen-seli-kiwen-Losupan.svg
Category:Lu (toki pona),File:Sitelen-seli-kiwen-lu.svg
Category:Lu (toki pona),File:Sitelen-seli-kiwen-lu1.svg
Category:Lu (toki pona),File:Sitelen-seli-kiwen-lu2.svg
Category:Luka luka (toki pona),File:Sitelen-seli-kiwen-luka-luka.svg
Category:Luka luka luka (toki pona),File:Sitelen-seli-kiwen-luka-luka-luka.svg
Category:Luka luka luka luka (toki pona),File:Sitelen-seli-kiwen-luka-luka-luka-luka.svg
Category:Luka luka luka tu (toki pona),File:Sitelen-seli-kiwen-luka-luka-luka-tu.svg
Category:Luka luka luka tu tu (toki pona),File:Sitelen-seli-kiwen-luka-luka-luka-tu-tu.svg
Category:Luka luka luka tu wan (toki pona),File:Sitelen-seli-kiwen-luka-luka-luka-tu-wan.svg
Category:Luka luka luka wan (toki pona),File:Sitelen-seli-kiwen-luka-luka-luka-wan.svg
Category:Luka luka luka wan tu (toki pona),File:Sitelen-seli-kiwen-luka-luka-luka-wan-tu.svg
Category:Luka luka tu (toki pona),File:Sitelen-seli-kiwen-luka-luka-tu.svg
Category:Luka luka tu tu (toki pona),File:Sitelen-seli-kiwen-luka-luka-tu-tu.svg
Category:Luka luka tu wan (toki pona),File:Sitelen-seli-kiwen-luka-luka-tu-wan.svg
Category:Luka luka wan (toki pona),File:Sitelen-seli-kiwen-luka-luka-wan.svg
Category:Luka luka wan tu (toki pona),File:Sitelen-seli-kiwen-luka-luka-wan-tu.svg
Category:Luka tu (toki pona),File:Sitelen-seli-kiwen-luka-tu.svg
Category:Luka tu tu (toki pona),File:Sitelen-seli-kiwen-luka-tu-tu.svg
Category:Luka tu wan (toki pona),File:Sitelen-seli-kiwen-luka-tu-wan.svg
Category:Luka wan (toki pona),File:Sitelen-seli-kiwen-luka-wan.svg
Category:Luka wan tu (toki pona),File:Sitelen-seli-kiwen-luka-wan-tu.svg
Category:Luke (toki pona),File:Sitelen-seli-kiwen-Luke.svg
Category:Luna (toki pona),File:Sitelen-seli-kiwen-Luna.svg
Category:Lupa jaki (toki pona),File:Sitelen-seli-kiwen-lupa-jaki.svg
Category:Lupa kiwen (toki pona),File:Sitelen-seli-kiwen-lupa-kiwen.svg
Category:Lupa kute (toki pona),File:Sitelen-seli-kiwen-lupa-kute.svg
Category:Lupa lili (toki pona),File:Sitelen-seli-kiwen-lupa-lili.svg
Category:Lupa meli (toki pona),File:Sitelen-seli-kiwen-lupa-meli.svg
Category:Lupa meli (toki pona),File:Sitelen-seli-kiwen-lupa-meli1.svg
Category:Lupa meli (toki pona),File:Sitelen-seli-kiwen-lupa-meli2.svg
Category:Lupa monsi (toki pona),File:Sitelen-seli-kiwen-lupa-monsi.svg
Category:Lupa nena (toki pona),File:Sitelen-seli-kiwen-lupa-nena.svg
Category:Lupa tomo (toki pona),File:Sitelen-seli-kiwen-lupa-tomo.svg
Category:Ma ale (toki pona),File:Sitelen-seli-kiwen-ma-ale.svg
Category:Ma ali (toki pona),File:Sitelen-seli-kiwen-ma-ali.svg
Category:Ma ike (toki pona),File:Sitelen-seli-kiwen-ma-ike.svg
Category:Ma kasi (toki pona),File:Sitelen-seli-kiwen-ma-kasi.svg
Category:Ma ni (toki pona),File:Sitelen-seli-kiwen-ma-ni.svg
Category:Ma pona (toki pona),File:Sitelen-seli-kiwen-ma-pona.svg
Category:Ma tomo (toki pona),File:Sitelen-seli-kiwen-ma-tomo.svg
Category:Majeka (toki pona),File:Sitelen-seli-kiwen-Majeka.svg
Category:Maki (toki pona),File:Sitelen-seli-kiwen-Maki.svg
Category:Mako (toki pona),File:Sitelen-seli-kiwen-Mako.svg
Category:Mama mama (toki pona),File:Sitelen-seli-kiwen-mama-mama.svg
Category:Mama meli (toki pona),File:Sitelen-seli-kiwen-mama-meli.svg
Category:Mama meli (toki pona),File:Sitelen-seli-kiwen-mama-meli1.svg
Category:Mama meli (toki pona),File:Sitelen-seli-kiwen-mama-meli2.svg
Category:Mama mije (toki pona),File:Sitelen-seli-kiwen-mama-mije.svg
Category:Mama mije (toki pona),File:Sitelen-seli-kiwen-mama-mije1.svg
Category:Mama mije (toki pona),File:Sitelen-seli-kiwen-mama-mije2.svg
Category:Mama tonsi (toki pona),File:Sitelen-seli-kiwen-mama-tonsi.svg
Category:Mamasi (toki pona),File:Sitelen-seli-kiwen-mamasi.svg
Category:Mamasina (toki pona),File:Sitelen-seli-kiwen-mamasina.svg
Category:Manka (toki pona),File:Sitelen-seli-kiwen-Manka.svg
Category:Masalo (toki pona),File:Sitelen-seli-kiwen-masalo.svg
Category:Masenta (toki pona),File:Sitelen-seli-kiwen-masenta.svg
Category:Masu (toki pona),File:Sitelen-seli-kiwen-masu.svg
Category:Matula (toki pona),File:Sitelen-seli-kiwen-matula.svg
Category:Me (toki pona),File:Sitelen-seli-kiwen-me.svg
Category:Medium (toki pona),File:Sitelen-seli-kiwen-Medium.svg
Category:Mekuwi (toki pona),File:Sitelen-seli-kiwen-Mekuwi.svg
Category:Meli ike (toki pona),File:Sitelen-seli-kiwen-meli-ike.svg
Category:Meli ike (toki pona),File:Sitelen-seli-kiwen-meli1-ike.svg
Category:Meli lili (toki pona),File:Sitelen-seli-kiwen-meli-lili.svg
Category:Meli lili (toki pona),File:Sitelen-seli-kiwen-meli1-lili.svg
Category:Meli mije (toki pona),File:Sitelen-seli-kiwen-meli-mije.svg
Category:Meli mije (toki pona),File:Sitelen-seli-kiwen-meli1-mije1.svg
Category:Meli pona (toki pona),File:Sitelen-seli-kiwen-meli-pona.svg
Category:Meli pona (toki pona),File:Sitelen-seli-kiwen-meli1-pona.svg
Category:Meli sama (toki pona),File:Sitelen-seli-kiwen-meli-sama.svg
Category:Meli sama (toki pona),File:Sitelen-seli-kiwen-meli1-sama.svg
Category:Meli tonsi (toki pona),File:Sitelen-seli-kiwen-meli-tonsi.svg
Category:Meli tonsi (toki pona),File:Sitelen-seli-kiwen-meli1-tonsi.svg
Category:Meli unpa (toki pona),File:Sitelen-seli-kiwen-meli-unpa.svg
Category:Meli unpa (toki pona),File:Sitelen-seli-kiwen-meli1-unpa.svg
Category:Meli wawa (toki pona),File:Sitelen-seli-kiwen-meli-wawa.svg
Category:Meli wawa (toki pona),File:Sitelen-seli-kiwen-meli1-wawa.svg
Category:Meli2 ike (toki pona),File:Sitelen-seli-kiwen-meli2-ike.svg
Category:Meli2 lili (toki pona),File:Sitelen-seli-kiwen-meli2-lili.svg
Category:Meli2 mije (toki pona),File:Sitelen-seli-kiwen-meli2-mije2.svg
Category:Meli2 pona (toki pona),File:Sitelen-seli-kiwen-meli2-pona.svg
Category:Meli2 sama (toki pona),File:Sitelen-seli-kiwen-meli2-sama.svg
Category:Meli2 tonsi (toki pona),File:Sitelen-seli-kiwen-meli2-tonsi.svg
Category:Meli2 unpa (toki pona),File:Sitelen-seli-kiwen-meli2-unpa.svg
Category:Meli2 wawa (toki pona),File:Sitelen-seli-kiwen-meli2-wawa.svg
Category:Melinjakulekule (toki pona),File:Sitelen-seli-kiwen-melinjakulekule.svg
Category:Melome (toki pona),File:Sitelen-seli-kiwen-melome.svg
Category:Mije ike (toki pona),File:Sitelen-seli-kiwen-mije-ike.svg
Category:Mije ike (toki pona),File:Sitelen-seli-kiwen-mije1-ike.svg
Category:Mije lili (toki pona),File:Sitelen-seli-kiwen-mije-lili.svg
Category:Mije lili (toki pona),File:Sitelen-seli-kiwen-mije1-lili.svg
Category:Mije meli (toki pona),File:Sitelen-seli-kiwen-mije-meli.svg
Category:Mije meli (toki pona),File:Sitelen-seli-kiwen-mije1-meli1.svg
Category:Mije pona (toki pona),File:Sitelen-seli-kiwen-mije-pona.svg
Category:Mije pona (toki pona),File:Sitelen-seli-kiwen-mije1-pona.svg
Category:Mije sama (toki pona),File:Sitelen-seli-kiwen-mije-sama.svg
Category:Mije sama (toki pona),File:Sitelen-seli-kiwen-mije1-sama.svg
Category:Mije tonsi (toki pona),File:Sitelen-seli-kiwen-mije-tonsi.svg
Category:Mije tonsi (toki pona),File:Sitelen-seli-kiwen-mije1-tonsi.svg
Category:Mije unpa (toki pona),File:Sitelen-seli-kiwen-mije-unpa.svg
Category:Mije unpa (toki pona),File:Sitelen-seli-kiwen-mije1-unpa.svg
Category:Mije wawa (toki pona),File:Sitelen-seli-kiwen-mije-wawa.svg
Category:Mije wawa (toki pona),File:Sitelen-seli-kiwen-mije1-wawa.svg
Category:Mije2 ike (toki pona),File:Sitelen-seli-kiwen-mije2-ike.svg
Category:Mije2 lili (toki pona),File:Sitelen-seli-kiwen-mije2-lili.svg
Category:Mije2 meli (toki pona),File:Sitelen-seli-kiwen-mije2-meli2.svg
Category:Mije2 pona (toki pona),File:Sitelen-seli-kiwen-mije2-pona.svg
Category:Mije2 sama (toki pona),File:Sitelen-seli-kiwen-mije2-sama.svg
Category:Mije2 tonsi (toki pona),File:Sitelen-seli-kiwen-mije2-tonsi.svg
Category:Mije2 unpa (toki pona),File:Sitelen-seli-kiwen-mije2-unpa.svg
Category:Mije2 wawa (toki pona),File:Sitelen-seli-kiwen-mije2-wawa.svg
Category:Mijomi (toki pona),File:Sitelen-seli-kiwen-mijomi.svg
Category:Miko (toki pona),File:Sitelen-seli-kiwen-miko.svg
Category:Miko (toki pona),File:Sitelen-seli-kiwen-miko1.svg
Category:Miko (toki pona),File:Sitelen-seli-kiwen-miko2.svg
Category:Mila (toki pona),File:Sitelen-seli-kiwen-Mila.svg
Category:Mimuki (toki pona),File:Sitelen-seli-kiwen-Mimuki.svg
Category:Misa (toki pona),File:Sitelen-seli-kiwen-misa.svg
Category:Misa (toki pona),File:Sitelen-seli-kiwen-misa1.svg
Category:Misa (toki pona),File:Sitelen-seli-kiwen-misa2.svg
Category:Misa (toki pona),File:Sitelen-seli-kiwen-misa3.svg
Category:Misa (toki pona),File:Sitelen-seli-kiwen-misa4.svg
Category:Misa (toki pona),File:Sitelen-seli-kiwen-misa5.svg
Category:Misa (toki pona),File:Sitelen-seli-kiwen-misa6.svg
Category:Molusa (toki pona),File:Sitelen-seli-kiwen-molusa.svg
Category:Mono (toki pona),File:Sitelen-seli-kiwen-mono.svg
Category:Motan (toki pona),File:Sitelen-seli-kiwen-motan.svg
Category:Mulapisu (toki pona),File:Sitelen-seli-kiwen-mulapisu.svg
Category:Musi lili (toki pona),File:Sitelen-seli-kiwen-musi-lili.svg
Category:Mute mute (toki pona),File:Sitelen-seli-kiwen-mute-mute.svg
Category:Nalanja (toki pona),File:Sitelen-seli-kiwen-nalanja.svg
Category:Nalanja (toki pona),File:Sitelen-seli-kiwen-nalanja1.svg
Category:Nalanja (toki pona),File:Sitelen-seli-kiwen-nalanja2.svg
Category:Nalasuni (toki pona),File:Sitelen-seli-kiwen-Nalasuni.svg
Category:Nan (toki pona),File:Sitelen-seli-kiwen-nan.svg
Category:Nano (toki pona),File:Sitelen-seli-kiwen-nano.svg
Category:Nasin nanpa (toki pona),File:Sitelen-seli-kiwen-nasin-nanpa.svg
Category:Nasin sitelen (toki pona),File:Sitelen-seli-kiwen-nasin-sitelen.svg
Category:Nasulin (toki pona),File:Sitelen-seli-kiwen-Nasulin.svg
Category:Nata (toki pona),File:Sitelen-seli-kiwen-nata.svg
Category:Natu (toki pona),File:Sitelen-seli-kiwen-natu.svg
Category:Neja (toki pona),File:Sitelen-seli-kiwen-neja.svg
Category:Nele (toki pona),File:Sitelen-seli-kiwen-nele.svg
Category:Nena kon (toki pona),File:Sitelen-seli-kiwen-nena-kon.svg
Category:Nena kute (toki pona),File:Sitelen-seli-kiwen-nena-kute.svg
Category:Nena lili (toki pona),File:Sitelen-seli-kiwen-nena-lili.svg
Category:Nena mama (toki pona),File:Sitelen-seli-kiwen-nena-mama.svg
Category:Nena meli (toki pona),File:Sitelen-seli-kiwen-nena-meli.svg
Category:Nena meli (toki pona),File:Sitelen-seli-kiwen-nena-meli1.svg
Category:Nena meli (toki pona),File:Sitelen-seli-kiwen-nena-meli2.svg
Category:Niko (toki pona),File:Sitelen-seli-kiwen-Niko.svg
Category:Nili (toki pona),File:Sitelen-seli-kiwen-Nili.svg
Category:Nimi sin (toki pona),File:Sitelen-seli-kiwen-nimi-sin.svg
Category:Nimisin (toki pona),File:Sitelen-seli-kiwen-nimisin.svg
Category:Nito (toki pona),File:Sitelen-seli-kiwen-Nito.svg
Category:Nito (toki pona),File:Sitelen-seli-kiwen-Nito1.svg
Category:Nito (toki pona),File:Sitelen-seli-kiwen-Nito2.svg
Category:Nja (toki pona),File:Sitelen-seli-kiwen-nja.svg
Category:Nlsn (toki pona),File:Sitelen-seli-kiwen-Nlsn.svg
Category:Nowi (toki pona),File:Sitelen-seli-kiwen-nowi.svg
Category:Nu (toki pona),File:Sitelen-seli-kiwen-nu.svg
Category:Nu (toki pona),File:Sitelen-seli-kiwen-nu1.svg
Category:Nu (toki pona),File:Sitelen-seli-kiwen-nu2.svg
Category:Nusun (toki pona),File:Sitelen-seli-kiwen-nusun.svg
Category:Nutan (toki pona),File:Sitelen-seli-kiwen-Nutan.svg
Category:Nuwa (toki pona),File:Sitelen-seli-kiwen-nuwa.svg
Category:Ojuta (toki pona),File:Sitelen-seli-kiwen-ojuta.svg
Category:Oke (toki pona),File:Sitelen-seli-kiwen-oke.svg
Category:Okepuma (toki pona),File:Sitelen-seli-kiwen-okepuma.svg
Category:Oki (toki pona),File:Sitelen-seli-kiwen-oki.svg
Category:Olala (toki pona),File:Sitelen-seli-kiwen-olala.svg
Category:Omekalike (toki pona),File:Sitelen-seli-kiwen-omekalike.svg
Category:Omekapo (toki pona),File:Sitelen-seli-kiwen-omekapo.svg
Category:Omen (toki pona),File:Sitelen-seli-kiwen-omen.svg
Category:Oni (toki pona),File:Sitelen-seli-kiwen-oni.svg
Category:Oni (toki pona),File:Sitelen-seli-kiwen-oni1.svg
Category:Oni (toki pona),File:Sitelen-seli-kiwen-oni2.svg
Category:Onono (toki pona),File:Sitelen-seli-kiwen-onono.svg
Category:Opa (toki pona),File:Sitelen-seli-kiwen-Opa.svg
Category:Opasan (toki pona),File:Sitelen-seli-kiwen-opasan.svg
Category:Owe (toki pona),File:Sitelen-seli-kiwen-owe.svg
Category:Pa (toki pona),File:Sitelen-seli-kiwen-pa.svg
Category:Paka (toki pona),File:Sitelen-seli-kiwen-paka.svg
Category:Pakola (toki pona),File:Sitelen-seli-kiwen-pakola.svg
Category:Pakola (toki pona),File:Sitelen-seli-kiwen-pakola1.svg
Category:Pakola (toki pona),File:Sitelen-seli-kiwen-pakola2.svg
Category:Palensi (toki pona),File:Sitelen-seli-kiwen-Palensi.svg
Category:Palisa lili (toki pona),File:Sitelen-seli-kiwen-palisa-lili.svg
Category:Pami (toki pona),File:Sitelen-seli-kiwen-Pami.svg
Category:Panke (toki pona),File:Sitelen-seli-kiwen-panke.svg
Category:Panpan (toki pona),File:Sitelen-seli-kiwen-panpan.svg
Category:Pasila (toki pona),File:Sitelen-seli-kiwen-pasila.svg
Category:Pe (toki pona),File:Sitelen-seli-kiwen-pe.svg
Category:Penpo (toki pona),File:Sitelen-seli-kiwen-penpo.svg
Category:Pensa (toki pona),File:Sitelen-seli-kiwen-Pensa.svg
Category:Peto (toki pona),File:Sitelen-seli-kiwen-peto.svg
Category:Pika (toki pona),File:Sitelen-seli-kiwen-pika.svg
Category:Pika (toki pona),File:Sitelen-seli-kiwen-pika1.svg
Category:Pika (toki pona),File:Sitelen-seli-kiwen-pika2.svg
Category:Pilin ala (toki pona),File:Sitelen-seli-kiwen-pilin-ala.svg
Category:Pilin ike (toki pona),File:Sitelen-seli-kiwen-pilin-ike.svg
Category:Pilin nasa (toki pona),File:Sitelen-seli-kiwen-pilin-nasa.svg
Category:Pilin pakala (toki pona),File:Sitelen-seli-kiwen-pilin-pakala.svg
Category:Pilin pona (toki pona),File:Sitelen-seli-kiwen-pilin-pona.svg
Category:Pilin sama (toki pona),File:Sitelen-seli-kiwen-pilin-sama.svg
Category:Pilin seme (toki pona),File:Sitelen-seli-kiwen-pilin-seme.svg
Category:Pimeja jelo (toki pona),File:Sitelen-seli-kiwen-pimeja-jelo.svg
Category:Pimeja laso (toki pona),File:Sitelen-seli-kiwen-pimeja-laso.svg
Category:Pimeja loje (toki pona),File:Sitelen-seli-kiwen-pimeja-loje.svg
Category:Pingo (toki pona),File:Sitelen-seli-kiwen-Pingo.svg
Category:Pipo (toki pona),File:Sitelen-seli-kiwen-pipo.svg
Category:Pipolo (toki pona),File:Sitelen-seli-kiwen-pipolo.svg
Category:Poki kon (toki pona),File:Sitelen-seli-kiwen-poki-kon.svg
Category:Poki len (toki pona),File:Sitelen-seli-kiwen-poki-len.svg
Category:Poki lete (toki pona),File:Sitelen-seli-kiwen-poki-lete.svg
Category:Poki lili (toki pona),File:Sitelen-seli-kiwen-poki-lili.svg
Category:Poki seli (toki pona),File:Sitelen-seli-kiwen-poki-seli.svg
Category:Poki telo (toki pona),File:Sitelen-seli-kiwen-poki-telo.svg
Category:Poki tona (toki pona),File:Sitelen-seli-kiwen-poki-tona.svg
Category:Polinpin (toki pona),File:Sitelen-seli-kiwen-polinpin.svg
Category:Poman (toki pona),File:Sitelen-seli-kiwen-Poman.svg
Category:Pomotolo (toki pona),File:Sitelen-seli-kiwen-pomotolo.svg
Category:Pona ala (toki pona),File:Sitelen-seli-kiwen-pona-ala.svg
Category:Pona lili (toki pona),File:Sitelen-seli-kiwen-pona-lili.svg
Category:Pona lukin (toki pona),File:Sitelen-seli-kiwen-pona-lukin.svg
Category:Pona mute (toki pona),File:Sitelen-seli-kiwen-pona-mute.svg
Category:Poni (toki pona),File:Sitelen-seli-kiwen-poni.svg
Category:Poni (toki pona),File:Sitelen-seli-kiwen-poni1.svg
Category:Poni (toki pona),File:Sitelen-seli-kiwen-poni2.svg
Category:Poni (toki pona),File:Sitelen-seli-kiwen-poni3.svg
Category:Poni (toki pona),File:Sitelen-seli-kiwen-poni4.svg
Category:Poni (toki pona),File:Sitelen-seli-kiwen-poni5.svg
Category:Poni (toki pona),File:Sitelen-seli-kiwen-poni6.svg
Category:Poni (toki pona),File:Sitelen-seli-kiwen-poni7.svg
Category:Poni (toki pona),File:Sitelen-seli-kiwen-poni8.svg
Category:Pula (toki pona),File:Sitelen-seli-kiwen-Pula.svg
Category:Pulaso (toki pona),File:Sitelen-seli-kiwen-pulaso.svg
Category:Puwa (toki pona),File:Sitelen-seli-kiwen-puwa.svg
Category:Saja (toki pona),File:Sitelen-seli-kiwen-saja.svg
Category:Salantapotalusa (toki pona),File:Sitelen-seli-kiwen-salantapotalusa.svg
Category:Samin (toki pona),File:Sitelen-seli-kiwen-Samin.svg
Category:Samu (toki pona),File:Sitelen-seli-kiwen-samu.svg
Category:Santa (toki pona),File:Sitelen-seli-kiwen-santa.svg
Category:Sapelipope (toki pona),File:Sitelen-seli-kiwen-sapelipope.svg
Category:Satun (toki pona),File:Sitelen-seli-kiwen-Satun.svg
Category:Seka (toki pona),File:Sitelen-seli-kiwen-Seka.svg
Category:Seki (toki pona),File:Sitelen-seli-kiwen-Seki.svg
Category:Selo len (toki pona),File:Sitelen-seli-kiwen-selo-len.svg
Category:Selo soweli (toki pona),File:Sitelen-seli-kiwen-selo-soweli.svg
Category:Siiilapa (toki pona),File:Sitelen-seli-kiwen-siiilapa.svg
Category:Siilapa (toki pona),File:Sitelen-seli-kiwen-siilapa.svg
Category:Sijala (toki pona),File:Sitelen-seli-kiwen-Sijala.svg
Category:Sijesuwa (toki pona),File:Sitelen-seli-kiwen-Sijesuwa.svg
Category:Sikako (toki pona),File:Sitelen-seli-kiwen-sikako.svg
Category:Sike lili (toki pona),File:Sitelen-seli-kiwen-sike-lili.svg
Category:Sikomo (toki pona),File:Sitelen-seli-kiwen-sikomo.svg
Category:Silani (toki pona),File:Sitelen-seli-kiwen-Silani.svg
Category:Silapa (toki pona),File:Sitelen-seli-kiwen-silapa.svg
Category:Silapa (toki pona),File:Sitelen-seli-kiwen-silapa1.svg
Category:Silapa (toki pona),File:Sitelen-seli-kiwen-silapa2.svg
Category:Silapa (toki pona),File:Sitelen-seli-kiwen-silapa3.svg
Category:Silapa (toki pona),File:Sitelen-seli-kiwen-silapa4.svg
Category:Silapa (toki pona),File:Sitelen-seli-kiwen-silapa5.svg
Category:Sipi (toki pona),File:Sitelen-seli-kiwen-sipi.svg
Category:Sipije (toki pona),File:Sitelen-seli-kiwen-sipije.svg
Category:Sisa (toki pona),File:Sitelen-seli-kiwen-Sisa.svg
Category:Sisi (toki pona),File:Sitelen-seli-kiwen-sisi.svg
Category:Sitelen ike (toki pona),File:Sitelen-seli-kiwen-sitelen-ike.svg
Category:Sitelen ma (toki pona),File:Sitelen-seli-kiwen-sitelen-ma.svg
Category:Sitelen monsuta (toki pona),File:Sitelen-seli-kiwen-sitelen-monsuta.svg
Category:Sitelen pona (toki pona),File:Sitelen-seli-kiwen-sitelen-pona.svg
Category:Sitelen sitelen (toki pona),File:Sitelen-seli-kiwen-sitelen-sitelen.svg
Category:Sitelen tawa (toki pona),File:Sitelen-seli-kiwen-sitelen-tawa.svg
Category:Sitelen toki (toki pona),File:Sitelen-seli-kiwen-sitelen-toki.svg
Category:Siwala (toki pona),File:Sitelen-seli-kiwen-siwala.svg
Category:Siwan (toki pona),File:Sitelen-seli-kiwen-Siwan.svg
Category:Slape (toki pona),File:Sitelen-seli-kiwen-slape.svg
Category:Snoweli (toki pona),File:Sitelen-seli-kiwen-snoweli.svg
Category:Sokeli (toki pona),File:Sitelen-seli-kiwen-sokeli.svg
Category:Sona ala (toki pona),File:Sitelen-seli-kiwen-sona-ala.svg
Category:Sona ike (toki pona),File:Sitelen-seli-kiwen-sona-ike.svg
Category:Sona lili (toki pona),File:Sitelen-seli-kiwen-sona-lili.svg
Category:Sona ma (toki pona),File:Sitelen-seli-kiwen-sona-ma.svg
Category:Sona nanpa (toki pona),File:Sitelen-seli-kiwen-sona-nanpa.svg
Category:Sona pona (toki pona),File:Sitelen-seli-kiwen-sona-pona.svg
Category:Sona sijelo (toki pona),File:Sitelen-seli-kiwen-sona-sijelo.svg
Category:Sona tenpo (toki pona),File:Sitelen-seli-kiwen-sona-tenpo.svg
Category:Sona toki (toki pona),File:Sitelen-seli-kiwen-sona-toki.svg
Category:Sona utala (toki pona),File:Sitelen-seli-kiwen-sona-utala.svg
Category:Soni (toki pona),File:Sitelen-seli-kiwen-soni.svg
Category:Soto (toki pona),File:Sitelen-seli-kiwen-soto.svg
Category:Soweli kijetesantakalu (toki pona),File:Sitelen-seli-kiwen-soweli-kijetesantakalu.svg
Category:Sowoli (toki pona),File:Sitelen-seli-kiwen-sowoli.svg
Category:Stella (toki pona),File:Sitelen-seli-kiwen-Stella.svg
Category:Stella (toki pona),File:Sitelen-seli-kiwen-Stella1.svg
Category:Stella (toki pona),File:Sitelen-seli-kiwen-Stella2.svg
Category:Suke (toki pona),File:Sitelen-seli-kiwen-suke.svg
Category:Sulaso (toki pona),File:Sitelen-seli-kiwen-sulaso.svg
Category:Suno sama (toki pona),File:Sitelen-seli-kiwen-suno-sama.svg
Category:Sunta (toki pona),File:Sitelen-seli-kiwen-sunta.svg
Category:Supa lape (toki pona),File:Sitelen-seli-kiwen-supa-lape.svg
Category:Supa lawa (toki pona),File:Sitelen-seli-kiwen-supa-lawa.svg
Category:Supa lupa (toki pona),File:Sitelen-seli-kiwen-supa-lupa.svg
Category:Supa moku (toki pona),File:Sitelen-seli-kiwen-supa-moku.svg
Category:Supa monsi (toki pona),File:Sitelen-seli-kiwen-supa-monsi.svg
Category:Supa pali (toki pona),File:Sitelen-seli-kiwen-supa-pali.svg
Category:Sutopatikuna (toki pona),File:Sitelen-seli-kiwen-sutopatikuna.svg
Category:Ta (toki pona),File:Sitelen-seli-kiwen-ta.svg
Category:Ta (toki pona),File:Sitelen-seli-kiwen-ta1.svg
Category:Ta (toki pona),File:Sitelen-seli-kiwen-ta2.svg
Category:Taa (toki pona),File:Sitelen-seli-kiwen-taa.svg
Category:Taaasun (toki pona),File:Sitelen-seli-kiwen-taaasun.svg
Category:Taasun (toki pona),File:Sitelen-seli-kiwen-taasun.svg
Category:Taki (toki pona),File:Sitelen-seli-kiwen-taki.svg
Category:Taki (toki pona),File:Sitelen-seli-kiwen-taki1.svg
Category:Taki (toki pona),File:Sitelen-seli-kiwen-taki2.svg
Category:Tasun (toki pona),File:Sitelen-seli-kiwen-tasun.svg
Category:Tasun (toki pona),File:Sitelen-seli-kiwen-tasun1.svg
Category:Tasun (toki pona),File:Sitelen-seli-kiwen-tasun2.svg
Category:Tasun (toki pona),File:Sitelen-seli-kiwen-tasun3.svg
Category:Tasun (toki pona),File:Sitelen-seli-kiwen-tasun4.svg
Category:Tasun (toki pona),File:Sitelen-seli-kiwen-tasun5.svg
Category:Tasun (toki pona),File:Sitelen-seli-kiwen-tasun6.svg
Category:Tasun (toki pona),File:Sitelen-seli-kiwen-tasun7.svg
Category:Tawa pona (toki pona),File:Sitelen-seli-kiwen-tawa-pona.svg
Category:Tawa sona (toki pona),File:Sitelen-seli-kiwen-tawa-sona.svg
Category:Tawake (toki pona),File:Sitelen-seli-kiwen-tawake.svg
Category:Te (toki pona),File:Sitelen-seli-kiwen-te.svg
Category:Teje (toki pona),File:Sitelen-seli-kiwen-teje.svg
Category:Teken (toki pona),File:Sitelen-seli-kiwen-teken.svg
Category:Telo lete (toki pona),File:Sitelen-seli-kiwen-telo-lete.svg
Category:Telo lili (toki pona),File:Sitelen-seli-kiwen-telo-lili.svg
Category:Telo sitelen (toki pona),File:Sitelen-seli-kiwen-telo-sitelen.svg
Category:Temi (toki pona),File:Sitelen-seli-kiwen-Temi.svg
Category:Ten (toki pona),File:Sitelen-seli-kiwen-ten.svg
Category:Ten (toki pona),File:Sitelen-seli-kiwen-ten1.svg
Category:Ten (toki pona),File:Sitelen-seli-kiwen-ten2.svg
Category:Tenpi (toki pona),File:Sitelen-seli-kiwen-tenpi.svg
Category:Tenpo ike (toki pona),File:Sitelen-seli-kiwen-tenpo-ike.svg
Category:Tenpo ni (toki pona),File:Sitelen-seli-kiwen-tenpo-ni.svg
Category:Tenpo pona (toki pona),File:Sitelen-seli-kiwen-tenpo-pona.svg
Category:Tensi (toki pona),File:Sitelen-seli-kiwen-Tensi.svg
Category:To (toki pona),File:Sitelen-seli-kiwen-To.svg
Category:To (toki pona),File:Sitelen-seli-kiwen-to1.svg
Category:To (toki pona),File:Sitelen-seli-kiwen-to2.svg
Category:Tokana (toki pona),File:Sitelen-seli-kiwen-tokana.svg
Category:Tokana (toki pona),File:Sitelen-seli-kiwen-tokana1.svg
Category:Tokana (toki pona),File:Sitelen-seli-kiwen-tokana2.svg
Category:Tokana (toki pona),File:Sitelen-seli-kiwen-tokana3.svg
Category:Token (toki pona),File:Sitelen-seli-kiwen-Token.svg
Category:Toki ala (toki pona),File:Sitelen-seli-kiwen-toki-ala.svg
Category:Toki ike (toki pona),File:Sitelen-seli-kiwen-toki-ike.svg
Category:Toki pona (toki pona),File:Sitelen-seli-kiwen-toki-pona.svg
Category:Toki sin (toki pona),File:Sitelen-seli-kiwen-toki-sin.svg
Category:Toki sona (toki pona),File:Sitelen-seli-kiwen-toki-sona.svg
Category:Toki utala (toki pona),File:Sitelen-seli-kiwen-toki-utala.svg
Category:Toma (toki pona),File:Sitelen-seli-kiwen-toma.svg
Category:Tomo lape (toki pona),File:Sitelen-seli-kiwen-tomo-lape.svg
Category:Tomo mani (toki pona),File:Sitelen-seli-kiwen-tomo-mani.svg
Category:Tomo moku (toki pona),File:Sitelen-seli-kiwen-tomo-moku.svg
Category:Tomo monsuta (toki pona),File:Sitelen-seli-kiwen-tomo-monsuta.svg
Category:Tomo nasin (toki pona),File:Sitelen-seli-kiwen-tomo-nasin.svg
Category:Tomo ni (toki pona),File:Sitelen-seli-kiwen-tomo-ni.svg
Category:Tomo pali (toki pona),File:Sitelen-seli-kiwen-tomo-pali.svg
Category:Tomo sona (toki pona),File:Sitelen-seli-kiwen-tomo-sona.svg
Category:Tomo tawa (toki pona),File:Sitelen-seli-kiwen-tomo-tawa.svg
Category:Tomo telo (toki pona),File:Sitelen-seli-kiwen-tomo-telo.svg
Category:Tomo unpa (toki pona),File:Sitelen-seli-kiwen-tomo-unpa.svg
Category:Tomo utala (toki pona),File:Sitelen-seli-kiwen-tomo-utala.svg
Category:Tona (toki pona),File:Sitelen-seli-kiwen-tona.svg
Category:Tonpite (toki pona),File:Sitelen-seli-kiwen-Tonpite.svg
Category:Tonsi ike (toki pona),File:Sitelen-seli-kiwen-tonsi-ike.svg
Category:Tonsi lili (toki pona),File:Sitelen-seli-kiwen-tonsi-lili.svg
Category:Tonsi pona (toki pona),File:Sitelen-seli-kiwen-tonsi-pona.svg
Category:Tonsi sama (toki pona),File:Sitelen-seli-kiwen-tonsi-sama.svg
Category:Tonsi sin (toki pona),File:Sitelen-seli-kiwen-tonsi-sin.svg
Category:Tonsi unpa (toki pona),File:Sitelen-seli-kiwen-tonsi-unpa.svg
Category:Tonsi wawa (toki pona),File:Sitelen-seli-kiwen-tonsi-wawa.svg
Category:Tonyu (toki pona),File:Sitelen-seli-kiwen-Tonyu.svg
Category:Topo (toki pona),File:Sitelen-seli-kiwen-topo.svg
Category:Towan (toki pona),File:Sitelen-seli-kiwen-Towan.svg
Category:Tu luka (toki pona),File:Sitelen-seli-kiwen-tu-luka.svg
Category:Tu tu (toki pona),File:Sitelen-seli-kiwen-tu-tu.svg
Category:Tu wan (toki pona),File:Sitelen-seli-kiwen-tu-wan.svg
Category:Tuwa (toki pona),File:Sitelen-seli-kiwen-tuwa.svg
Category:Uka (toki pona),File:Sitelen-seli-kiwen-uka.svg
Category:Umesu (toki pona),File:Sitelen-seli-kiwen-umesu.svg
Category:Umesu (toki pona),File:Sitelen-seli-kiwen-umesu1.svg
Category:Umesu (toki pona),File:Sitelen-seli-kiwen-umesu2.svg
Category:Unikijetesantakalu (toki pona),File:Sitelen-seli-kiwen-unikijetesantakalu.svg
Category:Unu (toki pona),File:Sitelen-seli-kiwen-unu.svg
Category:Usawi (toki pona),File:Sitelen-seli-kiwen-Usawi.svg
Category:Vivi (toki pona),File:Sitelen-seli-kiwen-vivi.svg
Category:Vivi (toki pona),File:Sitelen-seli-kiwen-vivi1.svg
Category:Vivi (toki pona),File:Sitelen-seli-kiwen-vivi2.svg
Category:Votgil (toki pona),File:Sitelen-seli-kiwen-Votgil.svg
Category:Vriska (toki pona),File:Sitelen-seli-kiwen-Vriska.svg
Category:Wa (toki pona),File:Sitelen-seli-kiwen-wa.svg
Category:Wa (toki pona),File:Sitelen-seli-kiwen-wa1.svg
Category:Wa (toki pona),File:Sitelen-seli-kiwen-wa2.svg
Category:Waje (toki pona),File:Sitelen-seli-kiwen-Waje.svg
Category:Wakalito (toki pona),File:Sitelen-seli-kiwen-Wakalito.svg
Category:Waken (toki pona),File:Sitelen-seli-kiwen-waken.svg
Category:Waleja (toki pona),File:Sitelen-seli-kiwen-waleja.svg
Category:Walo jelo (toki pona),File:Sitelen-seli-kiwen-walo-jelo.svg
Category:Walo laso (toki pona),File:Sitelen-seli-kiwen-walo-laso.svg
Category:Walo loje (toki pona),File:Sitelen-seli-kiwen-walo-loje.svg
Category:Walo pimeja (toki pona),File:Sitelen-seli-kiwen-walo-pimeja.svg
Category:Wan luka (toki pona),File:Sitelen-seli-kiwen-wan-luka.svg
Category:Wan tu (toki pona),File:Sitelen-seli-kiwen-wan-tu.svg
Category:Wasoweli (toki pona),File:Sitelen-seli-kiwen-wasoweli.svg
Category:Wawa tenpo (toki pona),File:Sitelen-seli-kiwen-wawa-tenpo.svg
Category:Wawajete (toki pona),File:Sitelen-seli-kiwen-wawajete.svg
Category:We (toki pona),File:Sitelen-seli-kiwen-we.svg
Category:We (toki pona),File:Sitelen-seli-kiwen-we1.svg
Category:We (toki pona),File:Sitelen-seli-kiwen-we2.svg
Category:Wekama (toki pona),File:Sitelen-seli-kiwen-wekama.svg
Category:Weko (toki pona),File:Sitelen-seli-kiwen-Weko.svg
Category:Wen (toki pona),File:Sitelen-seli-kiwen-Wen.svg
Category:Wi (toki pona),File:Sitelen-seli-kiwen-wi.svg
Category:Wi (toki pona),File:Sitelen-seli-kiwen-wi1.svg
Category:Wi (toki pona),File:Sitelen-seli-kiwen-wi2.svg
Category:Wiju (toki pona),File:Sitelen-seli-kiwen-wiju.svg
Category:Wiki (toki pona),File:Sitelen-seli-kiwen-wiki.svg
Category:Wikipesija (toki pona),File:Sitelen-seli-kiwen-Wikipesija.svg
Category:Wiwi (toki pona),File:Sitelen-seli-kiwen-wiwi.svg
Category:Wowujiti (toki pona),File:Sitelen-seli-kiwen-wowujiti.svg
Category:Wuwojiti (toki pona),File:Sitelen-seli-kiwen-wuwojiti.svg
Category:Yupekosi (toki pona),File:Sitelen-seli-kiwen-yupekosi.svg
Category:Yutu (toki pona),File:Sitelen-seli-kiwen-yutu.svg
