Category,Used By File,File Count
Category:Anpa lawa (toki pona),File:Sitelen-seli-kiwen-anpa-lawa.svg,1
Category:Ijo Stella (toki pona),File:Sitelen-seli-kiwen-ijo-Stella.svg,1
Category:Ijo akesi (toki pona),File:Sitelen-seli-kiwen-ijo-akesi.svg,3
,File:Sitelen-seli-kiwen-ijo-akesi1.svg,
,File:Sitelen-seli-kiwen-ijo-akesi2.svg,
Category:Ijo ala (toki pona),File:Sitelen-seli-kiwen-ijo-ala.svg,1
Category:Ijo alasa (toki pona),File:Sitelen-seli-kiwen-ijo-alasa.svg,1
Category:Ijo ale (toki pona),File:Sitelen-seli-kiwen-ijo-ale.svg,1
Category:Ijo ali (toki pona),File:Sitelen-seli-kiwen-ijo-ali.svg,1
Category:Ijo anpa (toki pona),File:Sitelen-seli-kiwen-ijo-anpa.svg,1
Category:Ijo ante (toki pona),File:Sitelen-seli-kiwen-ijo-ante.svg,1
Category:Ijo anu (toki pona),File:Sitelen-seli-kiwen-ijo-anu.svg,1
Category:Ijo apeja (toki pona),File:Sitelen-seli-kiwen-ijo-apeja.svg,1
Category:Ijo awen (toki pona),File:Sitelen-seli-kiwen-ijo-awen.svg,1
Category:Ijo en (toki pona),File:Sitelen-seli-kiwen-ijo-en.svg,1
Category:Ijo esun (toki pona),File:Sitelen-seli-kiwen-ijo-esun.svg,1
Category:Ijo ike (toki pona),File:Sitelen-seli-kiwen-ijo-ike.svg,1
Category:Ijo ilo (toki pona),File:Sitelen-seli-kiwen-ijo-ilo.svg,1
Category:Ijo insa (toki pona),File:Sitelen-seli-kiwen-ijo-insa.svg,1
Category:Ijo jaki (toki pona),File:Sitelen-seli-kiwen-ijo-jaki.svg,1
Category:Ijo jan (toki pona),File:Sitelen-seli-kiwen-ijo-jan.svg,1
Category:Ijo jelo (toki pona),File:Sitelen-seli-kiwen-ijo-jelo.svg,1
Category:Ijo jo (toki pona),File:Sitelen-seli-kiwen-ijo-jo.svg,1
Category:Ijo kala (toki pona),File:Sitelen-seli-kiwen-ijo-kala.svg,3
,File:Sitelen-seli-kiwen-ijo-kala1.svg,
,File:Sitelen-seli-kiwen-ijo-kala2.svg,
Category:Ijo kalama (toki pona),File:Sitelen-seli-kiwen-ijo-kalama.svg,1
Category:Ijo kama (toki pona),File:Sitelen-seli-kiwen-ijo-kama.svg,1
Category:Ijo kasi (toki pona),File:Sitelen-seli-kiwen-ijo-kasi.svg,1
Category:Ijo ken (toki pona),File:Sitelen-seli-kiwen-ijo-ken.svg,1
Category:Ijo kepeken (toki pona),File:Sitelen-seli-kiwen-ijo-kepeken.svg,1
Category:Ijo kepen (toki pona),File:Sitelen-seli-kiwen-ijo-kepen.svg,1
Category:Ijo kijetesantakalu (toki pona),File:Sitelen-seli-kiwen-ijo-kijetesantakalu.svg,1
Category:Ijo kili (toki pona),File:Sitelen-seli-kiwen-ijo-kili.svg,1
Category:Ijo kin (toki pona),File:Sitelen-seli-kiwen-ijo-kin.svg,1
Category:Ijo kipisi (toki pona),File:Sitelen-seli-kiwen-ijo-kipisi.svg,1
Category:Ijo kiwen (toki pona),File:Sitelen-seli-kiwen-ijo-kiwen.svg,1
Category:Ijo ko (toki pona),File:Sitelen-seli-kiwen-ijo-ko.svg,1
Category:Ijo kon (toki pona),File:Sitelen-seli-kiwen-ijo-kon.svg,1
Category:Ijo kule (toki pona),File:Sitelen-seli-kiwen-ijo-kule.svg,1
Category:Ijo kulupu (toki pona),File:Sitelen-seli-kiwen-ijo-kulupu.svg,1
Category:Ijo kute (toki pona),File:Sitelen-seli-kiwen-ijo-kute.svg,1
Category:Ijo lape (toki pona),File:Sitelen-seli-kiwen-ijo-lape.svg,1
Category:Ijo laso (toki pona),File:Sitelen-seli-kiwen-ijo-laso.svg,1
Category:Ijo lawa (toki pona),File:Sitelen-seli-kiwen-ijo-lawa.svg,1
Category:Ijo leko (toki pona),File:Sitelen-seli-kiwen-ijo-leko.svg,1
Category:Ijo len (toki pona),File:Sitelen-seli-kiwen-ijo-len.svg,1
Category:Ijo lete (toki pona),File:Sitelen-seli-kiwen-ijo-lete.svg,1
Category:Ijo lili (toki pona),File:Sitelen-seli-kiwen-ijo-lili.svg,1
Category:Ijo linja (toki pona),File:Sitelen-seli-kiwen-ijo-linja.svg,1
Category:Ijo lipu (toki pona),File:Sitelen-seli-kiwen-ijo-lipu.svg,1
Category:Ijo loje (toki pona),File:Sitelen-seli-kiwen-ijo-loje.svg,1
Category:Ijo lon (toki pona),File:Sitelen-seli-kiwen-ijo-lon.svg,1
Category:Ijo luka (toki pona),File:Sitelen-seli-kiwen-ijo-luka.svg,1
Category:Ijo lukin (toki pona),File:Sitelen-seli-kiwen-ijo-lukin.svg,1
Category:Ijo lupa (toki pona),File:Sitelen-seli-kiwen-ijo-lupa.svg,1
Category:Ijo ma (toki pona),File:Sitelen-seli-kiwen-ijo-ma.svg,1
Category:Ijo mama (toki pona),File:Sitelen-seli-kiwen-ijo-mama.svg,1
Category:Ijo mani (toki pona),File:Sitelen-seli-kiwen-ijo-mani.svg,1
Category:Ijo meli (toki pona),File:Sitelen-seli-kiwen-ijo-meli.svg,3
,File:Sitelen-seli-kiwen-ijo-meli1.svg,
,File:Sitelen-seli-kiwen-ijo-meli2.svg,
Category:Ijo mi (toki pona),File:Sitelen-seli-kiwen-ijo-mi.svg,3
,File:Sitelen-seli-kiwen-ijo-mi1.svg,
,File:Sitelen-seli-kiwen-ijo-mi2.svg,
Category:Ijo mije (toki pona),File:Sitelen-seli-kiwen-ijo-mije.svg,3
,File:Sitelen-seli-kiwen-ijo-mije1.svg,
,File:Sitelen-seli-kiwen-ijo-mije2.svg,
Category:Ijo moku (toki pona),File:Sitelen-seli-kiwen-ijo-moku.svg,1
Category:Ijo moli (toki pona),File:Sitelen-seli-kiwen-ijo-moli.svg,3
,File:Sitelen-seli-kiwen-ijo-moli1.svg,
,File:Sitelen-seli-kiwen-ijo-moli2.svg,
Category:Ijo monsi (toki pona),File:Sitelen-seli-kiwen-ijo-monsi.svg,1
Category:Ijo monsuta (toki pona),File:Sitelen-seli-kiwen-ijo-monsuta.svg,1
Category:Ijo mu (toki pona),File:Sitelen-seli-kiwen-ijo-mu.svg,1
Category:Ijo mun (toki pona),File:Sitelen-seli-kiwen-ijo-mun.svg,1
Category:Ijo musi (toki pona),File:Sitelen-seli-kiwen-ijo-musi.svg,1
Category:Ijo mute (toki pona),File:Sitelen-seli-kiwen-ijo-mute.svg,1
Category:Ijo namako (toki pona),File:Sitelen-seli-kiwen-ijo-namako.svg,3
,File:Sitelen-seli-kiwen-ijo-namako1.svg,
,File:Sitelen-seli-kiwen-ijo-namako2.svg,
Category:Ijo nanpa (toki pona),File:Sitelen-seli-kiwen-ijo-nanpa.svg,1
Category:Ijo nasa (toki pona),File:Sitelen-seli-kiwen-ijo-nasa.svg,1
Category:Ijo nasin (toki pona),File:Sitelen-seli-kiwen-ijo-nasin.svg,1
Category:Ijo nena (toki pona),File:Sitelen-seli-kiwen-ijo-nena.svg,1
Category:Ijo ni (toki pona),File:Sitelen-seli-kiwen-ijo-ni.svg,1
Category:Ijo ni li seme (toki pona),File:Sitelen-seli-kiwen-ijo-ni-li-seme.svg,1
Category:Ijo nimi (toki pona),File:Sitelen-seli-kiwen-ijo-nimi.svg,1
Category:Ijo noka (toki pona),File:Sitelen-seli-kiwen-ijo-noka.svg,1
Category:Ijo oko (toki pona),File:Sitelen-seli-kiwen-ijo-oko.svg,1
Category:Ijo olin (toki pona),File:Sitelen-seli-kiwen-ijo-olin.svg,3
,File:Sitelen-seli-kiwen-ijo-olin1.svg,
,File:Sitelen-seli-kiwen-ijo-olin2.svg,
Category:Ijo ona (toki pona),File:Sitelen-seli-kiwen-ijo-ona.svg,3
,File:Sitelen-seli-kiwen-ijo-ona1.svg,
,File:Sitelen-seli-kiwen-ijo-ona2.svg,
Category:Ijo open (toki pona),File:Sitelen-seli-kiwen-ijo-open.svg,1
Category:Ijo pakala (toki pona),File:Sitelen-seli-kiwen-ijo-pakala.svg,1
Category:Ijo pake (toki pona),File:Sitelen-seli-kiwen-ijo-pake.svg,1
Category:Ijo pali (toki pona),File:Sitelen-seli-kiwen-ijo-pali.svg,1
Category:Ijo palisa (toki pona),File:Sitelen-seli-kiwen-ijo-palisa.svg,1
Category:Ijo pan (toki pona),File:Sitelen-seli-kiwen-ijo-pan.svg,1
Category:Ijo pana (toki pona),File:Sitelen-seli-kiwen-ijo-pana.svg,1
Category:Ijo pilin (toki pona),File:Sitelen-seli-kiwen-ijo-pilin.svg,1
Category:Ijo pimeja (toki pona),File:Sitelen-seli-kiwen-ijo-pimeja.svg,1
Category:Ijo pini (toki pona),File:Sitelen-seli-kiwen-ijo-pini.svg,1
Category:Ijo pipi (toki pona),File:Sitelen-seli-kiwen-ijo-pipi.svg,1
Category:Ijo poka (toki pona),File:Sitelen-seli-kiwen-ijo-poka.svg,1
Category:Ijo poki (toki pona),File:Sitelen-seli-kiwen-ijo-poki.svg,1
Category:Ijo pona (toki pona),File:Sitelen-seli-kiwen-ijo-pona.svg,1
Category:Ijo pu (toki pona),File:Sitelen-seli-kiwen-ijo-pu.svg,1
Category:Ijo sama (toki pona),File:Sitelen-seli-kiwen-ijo-sama.svg,1
Category:Ijo seli (toki pona),File:Sitelen-seli-kiwen-ijo-seli.svg,1
Category:Ijo selo (toki pona),File:Sitelen-seli-kiwen-ijo-selo.svg,1
Category:Ijo seme (toki pona),File:Sitelen-seli-kiwen-ijo-seme.svg,1
Category:Ijo sewi (toki pona),File:Sitelen-seli-kiwen-ijo-sewi.svg,3
,File:Sitelen-seli-kiwen-ijo-sewi1.svg,
,File:Sitelen-seli-kiwen-ijo-sewi2.svg,
Category:Ijo sijelo (toki pona),File:Sitelen-seli-kiwen-ijo-sijelo.svg,1
Category:Ijo sike (toki pona),File:Sitelen-seli-kiwen-ijo-sike.svg,1
Category:Ijo sin (toki pona),File:Sitelen-seli-kiwen-ijo-sin.svg,1
Category:Ijo sina (toki pona),File:Sitelen-seli-kiwen-ijo-sina.svg,3
,File:Sitelen-seli-kiwen-ijo-sina1.svg,
,File:Sitelen-seli-kiwen-ijo-sina2.svg,
Category:Ijo sinpin (toki pona),File:Sitelen-seli-kiwen-ijo-sinpin.svg,1
Category:Ijo sitelen (toki pona),File:Sitelen-seli-kiwen-ijo-sitelen.svg,1
Category:Ijo sona (toki pona),File:Sitelen-seli-kiwen-ijo-sona.svg,1
Category:Ijo soweli (toki pona),File:Sitelen-seli-kiwen-ijo-soweli.svg,1
Category:Ijo suli (toki pona),File:Sitelen-seli-kiwen-ijo-suli.svg,1
Category:Ijo suno (toki pona),File:Sitelen-seli-kiwen-ijo-suno.svg,1
Category:Ijo supa (toki pona),File:Sitelen-seli-kiwen-ijo-supa.svg,1
Category:Ijo suwi (toki pona),File:Sitelen-seli-kiwen-ijo-suwi.svg,1
Category:Ijo tan (toki pona),File:Sitelen-seli-kiwen-ijo-tan.svg,1
Category:Ijo taso (toki pona),File:Sitelen-seli-kiwen-ijo-taso.svg,1
Category:Ijo tawa (toki pona),File:Sitelen-seli-kiwen-ijo-tawa.svg,1
Category:Ijo telo (toki pona),File:Sitelen-seli-kiwen-ijo-telo.svg,1
Category:Ijo tenpo (toki pona),File:Sitelen-seli-kiwen-ijo-tenpo.svg,1
Category:Ijo toki (toki pona),File:Sitelen-seli-kiwen-ijo-toki.svg,1
Category:Ijo tomo (toki pona),File:Sitelen-seli-kiwen-ijo-tomo.svg,1
Category:Ijo tonsi (toki pona),File:Sitelen-seli-kiwen-ijo-tonsi.svg,1
Category:Ijo tu (toki pona),File:Sitelen-seli-kiwen-ijo-tu.svg,1
Category:Ijo unpa (toki pona),File:Sitelen-seli-kiwen-ijo-unpa.svg,1
Category:Ijo uta (toki pona),File:Sitelen-seli-kiwen-ijo-uta.svg,3
,File:Sitelen-seli-kiwen-ijo-uta1.svg,
,File:Sitelen-seli-kiwen-ijo-uta2.svg,
Category:Ijo utala (toki pona),File:Sitelen-seli-kiwen-ijo-utala.svg,1
Category:Ijo vivi (toki pona),File:Sitelen-seli-kiwen-ijo-vivi.svg,1
Category:Ijo walo (toki pona),File:Sitelen-seli-kiwen-ijo-walo.svg,1
Category:Ijo wan (toki pona),File:Sitelen-seli-kiwen-ijo-wan.svg,1
Category:Ijo waso (toki pona),File:Sitelen-seli-kiwen-ijo-waso.svg,1
Category:Ijo wawa (toki pona),File:Sitelen-seli-kiwen-ijo-wawa.svg,1
Category:Ijo weka (toki pona),File:Sitelen-seli-kiwen-ijo-weka.svg,1
Category:Ijo wile (toki pona),File:Sitelen-seli-kiwen-ijo-wile.svg,3
,File:Sitelen-seli-kiwen-ijo-wile1.svg,
,File:Sitelen-seli-kiwen-ijo-wile2.svg,
Category:Ike ala (toki pona),File:Sitelen-seli-kiwen-ike-ala.svg,1
Category:Ike lili (toki pona),File:Sitelen-seli-kiwen-ike-lili.svg,1
Category:Ike lukin (toki pona),File:Sitelen-seli-kiwen-ike-lukin.svg,1
Category:Ike mute (toki pona),File:Sitelen-seli-kiwen-ike-mute.svg,1
Category:Ilo kipisi (toki pona),File:Sitelen-seli-kiwen-ilo-kipisi.svg,1
Category:Ilo lape (toki pona),File:Sitelen-seli-kiwen-ilo-lape.svg,1
Category:Ilo lukin (toki pona),File:Sitelen-seli-kiwen-ilo-lukin.svg,1
Category:Ilo moli (toki pona),File:Sitelen-seli-kiwen-ilo-moli.svg,3
,File:Sitelen-seli-kiwen-ilo-moli1.svg,
,File:Sitelen-seli-kiwen-ilo-moli2.svg,
Category:Ilo musi (toki pona),File:Sitelen-seli-kiwen-ilo-musi.svg,1
Category:Ilo nanpa (toki pona),File:Sitelen-seli-kiwen-ilo-nanpa.svg,1
Category:Ilo oko (toki pona),File:Sitelen-seli-kiwen-ilo-oko.svg,1
Category:Ilo open (toki pona),File:Sitelen-seli-kiwen-ilo-open.svg,1
Category:Ilo suno (toki pona),File:Sitelen-seli-kiwen-ilo-suno.svg,1
Category:Ilo toki (toki pona),File:Sitelen-seli-kiwen-ilo-toki.svg,1
Category:Jan ala (toki pona),File:Sitelen-seli-kiwen-jan-ala.svg,1
Category:Jan alasa (toki pona),File:Sitelen-seli-kiwen-jan-alasa.svg,1
Category:Jan ale (toki pona),File:Sitelen-seli-kiwen-jan-ale.svg,1
Category:Jan ali (toki pona),File:Sitelen-seli-kiwen-jan-ali.svg,1
Category:Jan ante (toki pona),File:Sitelen-seli-kiwen-jan-ante.svg,1
Category:Jan ike (toki pona),File:Sitelen-seli-kiwen-jan-ike.svg,1
Category:Jan kala (toki pona),File:Sitelen-seli-kiwen-jan-kala.svg,3
,File:Sitelen-seli-kiwen-jan-kala1.svg,
,File:Sitelen-seli-kiwen-jan-kala2.svg,
Category:Jan kalama (toki pona),File:Sitelen-seli-kiwen-jan-kalama.svg,1
Category:Jan kasi (toki pona),File:Sitelen-seli-kiwen-jan-kasi.svg,1
Category:Jan kulupu (toki pona),File:Sitelen-seli-kiwen-jan-kulupu.svg,1
Category:Jan lawa (toki pona),File:Sitelen-seli-kiwen-jan-lawa.svg,1
Category:Jan lili (toki pona),File:Sitelen-seli-kiwen-jan-lili.svg,1
Category:Jan monsuta (toki pona),File:Sitelen-seli-kiwen-jan-monsuta.svg,1
Category:Jan mute (toki pona),File:Sitelen-seli-kiwen-jan-mute.svg,1
Category:Jan nasa (toki pona),File:Sitelen-seli-kiwen-jan-nasa.svg,1
Category:Jan ni (toki pona),File:Sitelen-seli-kiwen-jan-ni.svg,1
Category:Jan olin (toki pona),File:Sitelen-seli-kiwen-jan-olin.svg,3
,File:Sitelen-seli-kiwen-jan-olin1.svg,
,File:Sitelen-seli-kiwen-jan-olin2.svg,
Category:Jan pakala (toki pona),File:Sitelen-seli-kiwen-jan-pakala.svg,1
Category:Jan pali (toki pona),File:Sitelen-seli-kiwen-jan-pali.svg,1
Category:Jan poka (toki pona),File:Sitelen-seli-kiwen-jan-poka.svg,1
Category:Jan pona (toki pona),File:Sitelen-seli-kiwen-jan-pona.svg,1
Category:Jan sama (toki pona),File:Sitelen-seli-kiwen-jan-sama.svg,1
Category:Jan seme (toki pona),File:Sitelen-seli-kiwen-jan-seme.svg,1
Category:Jan sewi (toki pona),File:Sitelen-seli-kiwen-jan-sewi.svg,3
,File:Sitelen-seli-kiwen-jan-sewi1.svg,
,File:Sitelen-seli-kiwen-jan-sewi2.svg,
Category:Jan sin (toki pona),File:Sitelen-seli-kiwen-jan-sin.svg,1
Category:Jan sona (toki pona),File:Sitelen-seli-kiwen-jan-sona.svg,1
Category:Jan suli (toki pona),File:Sitelen-seli-kiwen-jan-suli.svg,1
Category:Jan suwi (toki pona),File:Sitelen-seli-kiwen-jan-suwi.svg,1
Category:Jan toki (toki pona),File:Sitelen-seli-kiwen-jan-toki.svg,1
Category:Jan unpa (toki pona),File:Sitelen-seli-kiwen-jan-unpa.svg,1
Category:Jan utala (toki pona),File:Sitelen-seli-kiwen-jan-utala.svg,1
Category:Jan wawa (toki pona),File:Sitelen-seli-kiwen-jan-wawa.svg,1
Category:Kala ike (toki pona),File:Sitelen-seli-kiwen-kala-ike.svg,1
Category:Kala lete (toki pona),File:Sitelen-seli-kiwen-kala-lete.svg,2
,File:Sitelen-seli-kiwen-kala1-lete.svg,
Category:Kala lili (toki pona),File:Sitelen-seli-kiwen-kala-lili.svg,2
,File:Sitelen-seli-kiwen-kala1-lili.svg,
Category:Kala pona (toki pona),File:Sitelen-seli-kiwen-kala-pona.svg,1
Category:Kala2 lete (toki pona),File:Sitelen-seli-kiwen-kala2-lete.svg,1
Category:Kala2 lili (toki pona),File:Sitelen-seli-kiwen-kala2-lili.svg,1
Category:Kalama musi (toki pona),File:Sitelen-seli-kiwen-kalama-musi.svg,1
Category:Kama pona (toki pona),File:Sitelen-seli-kiwen-kama-pona.svg,1
Category:Kama sona (toki pona),File:Sitelen-seli-kiwen-kama-sona.svg,1
Category:Kasi jelo (toki pona),File:Sitelen-seli-kiwen-kasi-jelo.svg,1
Category:Kasi ko (toki pona),File:Sitelen-seli-kiwen-kasi-ko.svg,1
Category:Kasi kule (toki pona),File:Sitelen-seli-kiwen-kasi-kule.svg,1
Category:Kasi laso (toki pona),File:Sitelen-seli-kiwen-kasi-laso.svg,1
Category:Kasi lili (toki pona),File:Sitelen-seli-kiwen-kasi-lili.svg,1
Category:Kasi loje (toki pona),File:Sitelen-seli-kiwen-kasi-loje.svg,1
Category:Kasi pimeja (toki pona),File:Sitelen-seli-kiwen-kasi-pimeja.svg,1
Category:Kasi walo (toki pona),File:Sitelen-seli-kiwen-kasi-walo.svg,1
Category:Kijetesantakalu soweli (toki pona),File:Sitelen-seli-kiwen-kijetesantakalu-soweli.svg,1
Category:Kili jelo (toki pona),File:Sitelen-seli-kiwen-kili-jelo.svg,1
Category:Kili laso (toki pona),File:Sitelen-seli-kiwen-kili-laso.svg,1
Category:Kili lili (toki pona),File:Sitelen-seli-kiwen-kili-lili.svg,1
Category:Kili loje (toki pona),File:Sitelen-seli-kiwen-kili-loje.svg,1
Category:Kili palisa (toki pona),File:Sitelen-seli-kiwen-kili-palisa.svg,1
Category:Kili pimeja (toki pona),File:Sitelen-seli-kiwen-kili-pimeja.svg,1
Category:Kili suwi (toki pona),File:Sitelen-seli-kiwen-kili-suwi.svg,1
Category:Kili walo (toki pona),File:Sitelen-seli-kiwen-kili-walo.svg,1
Category:Kiwen ike (toki pona),File:Sitelen-seli-kiwen-kiwen-ike.svg,1
Category:Kiwen jelo (toki pona),File:Sitelen-seli-kiwen-kiwen-jelo.svg,1
Category:Kiwen kasi (toki pona),File:Sitelen-seli-kiwen-kiwen-kasi.svg,1
Category:Kiwen laso (toki pona),File:Sitelen-seli-kiwen-kiwen-laso.svg,1
Category:Kiwen lete (toki pona),File:Sitelen-seli-kiwen-kiwen-lete.svg,1
Category:Kiwen lili (toki pona),File:Sitelen-seli-kiwen-kiwen-lili.svg,1
Category:Kiwen loje (toki pona),File:Sitelen-seli-kiwen-kiwen-loje.svg,1
Category:Kiwen mun (toki pona),File:Sitelen-seli-kiwen-kiwen-mun.svg,1
Category:Kiwen pimeja (toki pona),File:Sitelen-seli-kiwen-kiwen-pimeja.svg,1
Category:Kiwen pona (toki pona),File:Sitelen-seli-kiwen-kiwen-pona.svg,1
Category:Kiwen seli (toki pona),File:Sitelen-seli-kiwen-kiwen-seli.svg,1
Category:Kiwen suno (toki pona),File:Sitelen-seli-kiwen-kiwen-suno.svg,1
Category:Kiwen walo (toki pona),File:Sitelen-seli-kiwen-kiwen-walo.svg,1
Category:Ko jaki (toki pona),File:Sitelen-seli-kiwen-ko-jaki.svg,1
Category:Ko jelo (toki pona),File:Sitelen-seli-kiwen-ko-jelo.svg,1
Category:Ko kasi (toki pona),File:Sitelen-seli-kiwen-ko-kasi.svg,1
Category:Ko kule (toki pona),File:Sitelen-seli-kiwen-ko-kule.svg,1
Category:Ko laso (toki pona),File:Sitelen-seli-kiwen-ko-laso.svg,1
Category:Ko lete (toki pona),File:Sitelen-seli-kiwen-ko-lete.svg,1
Category:Ko lili (toki pona),File:Sitelen-seli-kiwen-ko-lili.svg,1
Category:Ko loje (toki pona),File:Sitelen-seli-kiwen-ko-loje.svg,1
Category:Ko nasa (toki pona),File:Sitelen-seli-kiwen-ko-nasa.svg,1
Category:Ko pimeja (toki pona),File:Sitelen-seli-kiwen-ko-pimeja.svg,1
Category:Ko seli (toki pona),File:Sitelen-seli-kiwen-ko-seli.svg,1
Category:Ko walo (toki pona),File:Sitelen-seli-kiwen-ko-walo.svg,1
Category:Kon lete (toki pona),File:Sitelen-seli-kiwen-kon-lete.svg,1
Category:Kule kasi (toki pona),File:Sitelen-seli-kiwen-kule-kasi.svg,1
Category:Kule kili (toki pona),File:Sitelen-seli-kiwen-kule-kili.svg,1
Category:Kule ma (toki pona),File:Sitelen-seli-kiwen-kule-ma.svg,1
Category:Kule mun (toki pona),File:Sitelen-seli-kiwen-kule-mun.svg,1
Category:Kule pilin (toki pona),File:Sitelen-seli-kiwen-kule-pilin.svg,1
Category:Kule sewi (toki pona),File:Sitelen-seli-kiwen-kule-sewi.svg,3
,File:Sitelen-seli-kiwen-kule-sewi1.svg,
,File:Sitelen-seli-kiwen-kule-sewi2.svg,
Category:Kule suno (toki pona),File:Sitelen-seli-kiwen-kule-suno.svg,1
Category:Kule telo (toki pona),File:Sitelen-seli-kiwen-kule-telo.svg,1
Category:Kule uta (toki pona),File:Sitelen-seli-kiwen-kule-uta.svg,1
Category:Lan sin (toki pona),File:Sitelen-seli-kiwen-lan-sin.svg,2
,File:Sitelen-seli-kiwen-lan1-sin.svg,
Category:Lan2 sin (toki pona),File:Sitelen-seli-kiwen-lan2-sin.svg,1
Category:Laso kasi (toki pona),File:Sitelen-seli-kiwen-laso-kasi.svg,1
Category:Laso mun (toki pona),File:Sitelen-seli-kiwen-laso-mun.svg,1
Category:Laso sewi (toki pona),File:Sitelen-seli-kiwen-laso-sewi.svg,3
,File:Sitelen-seli-kiwen-laso-sewi1.svg,
,File:Sitelen-seli-kiwen-laso-sewi2.svg,
Category:Laso telo (toki pona),File:Sitelen-seli-kiwen-laso-telo.svg,1
Category:Len jan (toki pona),File:Sitelen-seli-kiwen-len-jan.svg,1
Category:Len jelo (toki pona),File:Sitelen-seli-kiwen-len-jelo.svg,1
Category:Len laso (toki pona),File:Sitelen-seli-kiwen-len-laso.svg,1
Category:Len lawa (toki pona),File:Sitelen-seli-kiwen-len-lawa.svg,1
Category:Len lili (toki pona),File:Sitelen-seli-kiwen-len-lili.svg,1
Category:Len loje (toki pona),File:Sitelen-seli-kiwen-len-loje.svg,1
Category:Len luka (toki pona),File:Sitelen-seli-kiwen-len-luka.svg,1
Category:Len noka (toki pona),File:Sitelen-seli-kiwen-len-noka.svg,1
Category:Len pimeja (toki pona),File:Sitelen-seli-kiwen-len-pimeja.svg,1
Category:Len sin (toki pona),File:Sitelen-seli-kiwen-len-sin.svg,1
Category:Len walo (toki pona),File:Sitelen-seli-kiwen-len-walo.svg,1
Category:Linja lili (toki pona),File:Sitelen-seli-kiwen-linja-lili.svg,1
Category:Linja pona (toki pona),File:Sitelen-seli-kiwen-linja-pona.svg,1
Category:Linja sike (toki pona),File:Sitelen-seli-kiwen-linja-sike.svg,1
Category:Linja suwi (toki pona),File:Sitelen-seli-kiwen-linja-suwi.svg,1
Category:Lipu kasi (toki pona),File:Sitelen-seli-kiwen-lipu-kasi.svg,1
Category:Lipu kule (toki pona),File:Sitelen-seli-kiwen-lipu-kule.svg,1
Category:Lipu majuna (toki pona),File:Sitelen-seli-kiwen-lipu-majuna.svg,2
,File:Sitelen-seli-kiwen-lipu-majuna2.svg,
Category:Lipu nanpa (toki pona),File:Sitelen-seli-kiwen-lipu-nanpa.svg,1
Category:Lipu nimi (toki pona),File:Sitelen-seli-kiwen-lipu-nimi.svg,1
Category:Lipu sewi (toki pona),File:Sitelen-seli-kiwen-lipu-sewi.svg,3
,File:Sitelen-seli-kiwen-lipu-sewi1.svg,
,File:Sitelen-seli-kiwen-lipu-sewi2.svg,
Category:Lipu sona (toki pona),File:Sitelen-seli-kiwen-lipu-sona.svg,1
Category:Lipu tenpo (toki pona),File:Sitelen-seli-kiwen-lipu-tenpo.svg,1
Category:Lipu toki (toki pona),File:Sitelen-seli-kiwen-lipu-toki.svg,1
Category:Lipu unpa (toki pona),File:Sitelen-seli-kiwen-lipu-unpa.svg,1
Category:Loje jelo (toki pona),File:Sitelen-seli-kiwen-loje-jelo.svg,1
Category:Loje walo (toki pona),File:Sitelen-seli-kiwen-loje-walo.svg,1
Category:Luka luka (toki pona),File:Sitelen-seli-kiwen-luka-luka.svg,1
Category:Luka luka luka (toki pona),File:Sitelen-seli-kiwen-luka-luka-luka.svg,1
Category:Luka luka luka luka (toki pona),File:Sitelen-seli-kiwen-luka-luka-luka-luka.svg,1
Category:Luka luka luka tu (toki pona),File:Sitelen-seli-kiwen-luka-luka-luka-tu.svg,1
Category:Luka luka luka tu tu (toki pona),File:Sitelen-seli-kiwen-luka-luka-luka-tu-tu.svg,1
Category:Luka luka luka tu wan (toki pona),File:Sitelen-seli-kiwen-luka-luka-luka-tu-wan.svg,1
Category:Luka luka luka wan (toki pona),File:Sitelen-seli-kiwen-luka-luka-luka-wan.svg,1
Category:Luka luka luka wan tu (toki pona),File:Sitelen-seli-kiwen-luka-luka-luka-wan-tu.svg,1
Category:Luka luka tu (toki pona),File:Sitelen-seli-kiwen-luka-luka-tu.svg,1
Category:Luka luka tu tu (toki pona),File:Sitelen-seli-kiwen-luka-luka-tu-tu.svg,1
Category:Luka luka tu wan (toki pona),File:Sitelen-seli-kiwen-luka-luka-tu-wan.svg,1
Category:Luka luka wan (toki pona),File:Sitelen-seli-kiwen-luka-luka-wan.svg,1
Category:Luka luka wan tu (toki pona),File:Sitelen-seli-kiwen-luka-luka-wan-tu.svg,1
Category:Luka tu (toki pona),File:Sitelen-seli-kiwen-luka-tu.svg,1
Category:Luka tu tu (toki pona),File:Sitelen-seli-kiwen-luka-tu-tu.svg,1
Category:Luka tu wan (toki pona),File:Sitelen-seli-kiwen-luka-tu-wan.svg,1
Category:Luka wan (toki pona),File:Sitelen-seli-kiwen-luka-wan.svg,1
Category:Luka wan tu (toki pona),File:Sitelen-seli-kiwen-luka-wan-tu.svg,1
Category:Lupa jaki (toki pona),File:Sitelen-seli-kiwen-lupa-jaki.svg,1
Category:Lupa kiwen (toki pona),File:Sitelen-seli-kiwen-lupa-kiwen.svg,1
Category:Lupa kute (toki pona),File:Sitelen-seli-kiwen-lupa-kute.svg,1
Category:Lupa lili (toki pona),File:Sitelen-seli-kiwen-lupa-lili.svg,1
Category:Lupa meli (toki pona),File:Sitelen-seli-kiwen-lupa-meli.svg,3
,File:Sitelen-seli-kiwen-lupa-meli1.svg,
,File:Sitelen-seli-kiwen-lupa-meli2.svg,
Category:Lupa monsi (toki pona),File:Sitelen-seli-kiwen-lupa-monsi.svg,1
Category:Lupa nena (toki pona),File:Sitelen-seli-kiwen-lupa-nena.svg,1
Category:Lupa tomo (toki pona),File:Sitelen-seli-kiwen-lupa-tomo.svg,1
Category:Ma ale (toki pona),File:Sitelen-seli-kiwen-ma-ale.svg,1
Category:Ma ali (toki pona),File:Sitelen-seli-kiwen-ma-ali.svg,1
Category:Ma ike (toki pona),File:Sitelen-seli-kiwen-ma-ike.svg,1
Category:Ma kasi (toki pona),File:Sitelen-seli-kiwen-ma-kasi.svg,1
Category:Ma ni (toki pona),File:Sitelen-seli-kiwen-ma-ni.svg,1
Category:Ma pona (toki pona),File:Sitelen-seli-kiwen-ma-pona.svg,1
Category:Ma tomo (toki pona),File:Sitelen-seli-kiwen-ma-tomo.svg,1
Category:Mama mama (toki pona),File:Sitelen-seli-kiwen-mama-mama.svg,1
Category:Mama meli (toki pona),File:Sitelen-seli-kiwen-mama-meli.svg,3
,File:Sitelen-seli-kiwen-mama-meli1.svg,
,File:Sitelen-seli-kiwen-mama-meli2.svg,
Category:Mama mije (toki pona),File:Sitelen-seli-kiwen-mama-mije.svg,3
,File:Sitelen-seli-kiwen-mama-mije1.svg,
,File:Sitelen-seli-kiwen-mama-mije2.svg,
Category:Mama tonsi (toki pona),File:Sitelen-seli-kiwen-mama-tonsi.svg,1
Category:Meli ike (toki pona),File:Sitelen-seli-kiwen-meli-ike.svg,2
,File:Sitelen-seli-kiwen-meli1-ike.svg,
Category:Meli lili (toki pona),File:Sitelen-seli-kiwen-meli-lili.svg,2
,File:Sitelen-seli-kiwen-meli1-lili.svg,
Category:Meli mije (toki pona),File:Sitelen-seli-kiwen-meli-mije.svg,2
,File:Sitelen-seli-kiwen-meli1-mije1.svg,
Category:Meli pona (toki pona),File:Sitelen-seli-kiwen-meli-pona.svg,2
,File:Sitelen-seli-kiwen-meli1-pona.svg,
Category:Meli sama (toki pona),File:Sitelen-seli-kiwen-meli-sama.svg,2
,File:Sitelen-seli-kiwen-meli1-sama.svg,
Category:Meli tonsi (toki pona),File:Sitelen-seli-kiwen-meli-tonsi.svg,2
,File:Sitelen-seli-kiwen-meli1-tonsi.svg,
Category:Meli unpa (toki pona),File:Sitelen-seli-kiwen-meli-unpa.svg,2
,File:Sitelen-seli-kiwen-meli1-unpa.svg,
Category:Meli wawa (toki pona),File:Sitelen-seli-kiwen-meli-wawa.svg,2
,File:Sitelen-seli-kiwen-meli1-wawa.svg,
Category:Meli2 ike (toki pona),File:Sitelen-seli-kiwen-meli2-ike.svg,1
Category:Meli2 lili (toki pona),File:Sitelen-seli-kiwen-meli2-lili.svg,1
Category:Meli2 mije (toki pona),File:Sitelen-seli-kiwen-meli2-mije2.svg,1
Category:Meli2 pona (toki pona),File:Sitelen-seli-kiwen-meli2-pona.svg,1
Category:Meli2 sama (toki pona),File:Sitelen-seli-kiwen-meli2-sama.svg,1
Category:Meli2 tonsi (toki pona),File:Sitelen-seli-kiwen-meli2-tonsi.svg,1
Category:Meli2 unpa (toki pona),File:Sitelen-seli-kiwen-meli2-unpa.svg,1
Category:Meli2 wawa (toki pona),File:Sitelen-seli-kiwen-meli2-wawa.svg,1
Category:Mije ike (toki pona),File:Sitelen-seli-kiwen-mije-ike.svg,2
,File:Sitelen-seli-kiwen-mije1-ike.svg,
Category:Mije lili (toki pona),File:Sitelen-seli-kiwen-mije-lili.svg,2
,File:Sitelen-seli-kiwen-mije1-lili.svg,
Category:Mije meli (toki pona),File:Sitelen-seli-kiwen-mije-meli.svg,2
,File:Sitelen-seli-kiwen-mije1-meli1.svg,
Category:Mije pona (toki pona),File:Sitelen-seli-kiwen-mije-pona.svg,2
,File:Sitelen-seli-kiwen-mije1-pona.svg,
Category:Mije sama (toki pona),File:Sitelen-seli-kiwen-mije-sama.svg,2
,File:Sitelen-seli-kiwen-mije1-sama.svg,
Category:Mije tonsi (toki pona),File:Sitelen-seli-kiwen-mije-tonsi.svg,2
,File:Sitelen-seli-kiwen-mije1-tonsi.svg,
Category:Mije unpa (toki pona),File:Sitelen-seli-kiwen-mije-unpa.svg,2
,File:Sitelen-seli-kiwen-mije1-unpa.svg,
Category:Mije wawa (toki pona),File:Sitelen-seli-kiwen-mije-wawa.svg,2
,File:Sitelen-seli-kiwen-mije1-wawa.svg,
Category:Mije2 ike (toki pona),File:Sitelen-seli-kiwen-mije2-ike.svg,1
Category:Mije2 lili (toki pona),File:Sitelen-seli-kiwen-mije2-lili.svg,1
Category:Mije2 meli (toki pona),File:Sitelen-seli-kiwen-mije2-meli2.svg,1
Category:Mije2 pona (toki pona),File:Sitelen-seli-kiwen-mije2-pona.svg,1
Category:Mije2 sama (toki pona),File:Sitelen-seli-kiwen-mije2-sama.svg,1
Category:Mije2 tonsi (toki pona),File:Sitelen-seli-kiwen-mije2-tonsi.svg,1
Category:Mije2 unpa (toki pona),File:Sitelen-seli-kiwen-mije2-unpa.svg,1
Category:Mije2 wawa (toki pona),File:Sitelen-seli-kiwen-mije2-wawa.svg,1
Category:Musi lili (toki pona),File:Sitelen-seli-kiwen-musi-lili.svg,1
Category:Mute mute (toki pona),File:Sitelen-seli-kiwen-mute-mute.svg,1
Category:Nasin nanpa (toki pona),File:Sitelen-seli-kiwen-nasin-nanpa.svg,1
Category:Nasin sitelen (toki pona),File:Sitelen-seli-kiwen-nasin-sitelen.svg,1
Category:Nena kon (toki pona),File:Sitelen-seli-kiwen-nena-kon.svg,1
Category:Nena kute (toki pona),File:Sitelen-seli-kiwen-nena-kute.svg,1
Category:Nena lili (toki pona),File:Sitelen-seli-kiwen-nena-lili.svg,1
Category:Nena mama (toki pona),File:Sitelen-seli-kiwen-nena-mama.svg,1
Category:Nena meli (toki pona),File:Sitelen-seli-kiwen-nena-meli.svg,3
,File:Sitelen-seli-kiwen-nena-meli1.svg,
,File:Sitelen-seli-kiwen-nena-meli2.svg,
Category:Nimi sin (toki pona),File:Sitelen-seli-kiwen-nimi-sin.svg,1
Category:Palisa lili (toki pona),File:Sitelen-seli-kiwen-palisa-lili.svg,1
Category:Pilin ala (toki pona),File:Sitelen-seli-kiwen-pilin-ala.svg,1
Category:Pilin ike (toki pona),File:Sitelen-seli-kiwen-pilin-ike.svg,1
Category:Pilin nasa (toki pona),File:Sitelen-seli-kiwen-pilin-nasa.svg,1
Category:Pilin pakala (toki pona),File:Sitelen-seli-kiwen-pilin-pakala.svg,1
Category:Pilin pona (toki pona),File:Sitelen-seli-kiwen-pilin-pona.svg,1
Category:Pilin sama (toki pona),File:Sitelen-seli-kiwen-pilin-sama.svg,1
Category:Pilin seme (toki pona),File:Sitelen-seli-kiwen-pilin-seme.svg,1
Category:Pimeja jelo (toki pona),File:Sitelen-seli-kiwen-pimeja-jelo.svg,1
Category:Pimeja laso (toki pona),File:Sitelen-seli-kiwen-pimeja-laso.svg,1
Category:Pimeja loje (toki pona),File:Sitelen-seli-kiwen-pimeja-loje.svg,1
Category:Poki kon (toki pona),File:Sitelen-seli-kiwen-poki-kon.svg,1
Category:Poki len (toki pona),File:Sitelen-seli-kiwen-poki-len.svg,1
Category:Poki lete (toki pona),File:Sitelen-seli-kiwen-poki-lete.svg,1
Category:Poki lili (toki pona),File:Sitelen-seli-kiwen-poki-lili.svg,1
Category:Poki seli (toki pona),File:Sitelen-seli-kiwen-poki-seli.svg,1
Category:Poki telo (toki pona),File:Sitelen-seli-kiwen-poki-telo.svg,1
Category:Poki tona (toki pona),File:Sitelen-seli-kiwen-poki-tona.svg,1
Category:Pona ala (toki pona),File:Sitelen-seli-kiwen-pona-ala.svg,1
Category:Pona lili (toki pona),File:Sitelen-seli-kiwen-pona-lili.svg,1
Category:Pona lukin (toki pona),File:Sitelen-seli-kiwen-pona-lukin.svg,1
Category:Pona mute (toki pona),File:Sitelen-seli-kiwen-pona-mute.svg,1
Category:Selo len (toki pona),File:Sitelen-seli-kiwen-selo-len.svg,1
Category:Selo soweli (toki pona),File:Sitelen-seli-kiwen-selo-soweli.svg,1
Category:Sike lili (toki pona),File:Sitelen-seli-kiwen-sike-lili.svg,1
Category:Sitelen ike (toki pona),File:Sitelen-seli-kiwen-sitelen-ike.svg,1
Category:Sitelen ma (toki pona),File:Sitelen-seli-kiwen-sitelen-ma.svg,1
Category:Sitelen monsuta (toki pona),File:Sitelen-seli-kiwen-sitelen-monsuta.svg,1
Category:Sitelen pona (toki pona),File:Sitelen-seli-kiwen-sitelen-pona.svg,1
Category:Sitelen sitelen (toki pona),File:Sitelen-seli-kiwen-sitelen-sitelen.svg,1
Category:Sitelen tawa (toki pona),File:Sitelen-seli-kiwen-sitelen-tawa.svg,1
Category:Sitelen toki (toki pona),File:Sitelen-seli-kiwen-sitelen-toki.svg,1
Category:Sona ala (toki pona),File:Sitelen-seli-kiwen-sona-ala.svg,1
Category:Sona ike (toki pona),File:Sitelen-seli-kiwen-sona-ike.svg,1
Category:Sona lili (toki pona),File:Sitelen-seli-kiwen-sona-lili.svg,1
Category:Sona ma (toki pona),File:Sitelen-seli-kiwen-sona-ma.svg,1
Category:Sona nanpa (toki pona),File:Sitelen-seli-kiwen-sona-nanpa.svg,1
Category:Sona pona (toki pona),File:Sitelen-seli-kiwen-sona-pona.svg,1
Category:Sona sijelo (toki pona),File:Sitelen-seli-kiwen-sona-sijelo.svg,1
Category:Sona tenpo (toki pona),File:Sitelen-seli-kiwen-sona-tenpo.svg,1
Category:Sona toki (toki pona),File:Sitelen-seli-kiwen-sona-toki.svg,1
Category:Sona utala (toki pona),File:Sitelen-seli-kiwen-sona-utala.svg,1
Category:Soweli kijetesantakalu (toki pona),File:Sitelen-seli-kiwen-soweli-kijetesantakalu.svg,1
Category:Suno sama (toki pona),File:Sitelen-seli-kiwen-suno-sama.svg,1
Category:Supa lape (toki pona),File:Sitelen-seli-kiwen-supa-lape.svg,1
Category:Supa lawa (toki pona),File:Sitelen-seli-kiwen-supa-lawa.svg,1
Category:Supa lupa (toki pona),File:Sitelen-seli-kiwen-supa-lupa.svg,1
Category:Supa moku (toki pona),File:Sitelen-seli-kiwen-supa-moku.svg,1
Category:Supa monsi (toki pona),File:Sitelen-seli-kiwen-supa-monsi.svg,1
Category:Supa pali (toki pona),File:Sitelen-seli-kiwen-supa-pali.svg,1
Category:Tawa pona (toki pona),File:Sitelen-seli-kiwen-tawa-pona.svg,1
Category:Tawa sona (toki pona),File:Sitelen-seli-kiwen-tawa-sona.svg,1
Category:Telo lete (toki pona),File:Sitelen-seli-kiwen-telo-lete.svg,1
Category:Telo lili (toki pona),File:Sitelen-seli-kiwen-telo-lili.svg,1
Category:Telo sitelen (toki pona),File:Sitelen-seli-kiwen-telo-sitelen.svg,1
Category:Tenpo ike (toki pona),File:Sitelen-seli-kiwen-tenpo-ike.svg,1
Category:Tenpo ni (toki pona),File:Sitelen-seli-kiwen-tenpo-ni.svg,1
Category:Tenpo pona (toki pona),File:Sitelen-seli-kiwen-tenpo-pona.svg,1
Category:Toki ala (toki pona),File:Sitelen-seli-kiwen-toki-ala.svg,1
Category:Toki ike (toki pona),File:Sitelen-seli-kiwen-toki-ike.svg,1
Category:Toki pona (toki pona),File:Sitelen-seli-kiwen-toki-pona.svg,1
Category:Toki sin (toki pona),File:Sitelen-seli-kiwen-toki-sin.svg,1
Category:Toki sona (toki pona),File:Sitelen-seli-kiwen-toki-sona.svg,1
Category:Toki utala (toki pona),File:Sitelen-seli-kiwen-toki-utala.svg,1
Category:Tomo lape (toki pona),File:Sitelen-seli-kiwen-tomo-lape.svg,1
Category:Tomo mani (toki pona),File:Sitelen-seli-kiwen-tomo-mani.svg,1
Category:Tomo moku (toki pona),File:Sitelen-seli-kiwen-tomo-moku.svg,1
Category:Tomo monsuta (toki pona),File:Sitelen-seli-kiwen-tomo-monsuta.svg,1
Category:Tomo nasin (toki pona),File:Sitelen-seli-kiwen-tomo-nasin.svg,1
Category:Tomo ni (toki pona),File:Sitelen-seli-kiwen-tomo-ni.svg,1
Category:Tomo pali (toki pona),File:Sitelen-seli-kiwen-tomo-pali.svg,1
Category:Tomo sona (toki pona),File:Sitelen-seli-kiwen-tomo-sona.svg,1
Category:Tomo tawa (toki pona),File:Sitelen-seli-kiwen-tomo-tawa.svg,1
Category:Tomo telo (toki pona),File:Sitelen-seli-kiwen-tomo-telo.svg,1
Category:Tomo unpa (toki pona),File:Sitelen-seli-kiwen-tomo-unpa.svg,1
Category:Tomo utala (toki pona),File:Sitelen-seli-kiwen-tomo-utala.svg,1
Category:Tonsi ike (toki pona),File:Sitelen-seli-kiwen-tonsi-ike.svg,1
Category:Tonsi lili (toki pona),File:Sitelen-seli-kiwen-tonsi-lili.svg,1
Category:Tonsi pona (toki pona),File:Sitelen-seli-kiwen-tonsi-pona.svg,1
Category:Tonsi sama (toki pona),File:Sitelen-seli-kiwen-tonsi-sama.svg,1
Category:Tonsi sin (toki pona),File:Sitelen-seli-kiwen-tonsi-sin.svg,1
Category:Tonsi unpa (toki pona),File:Sitelen-seli-kiwen-tonsi-unpa.svg,1
Category:Tonsi wawa (toki pona),File:Sitelen-seli-kiwen-tonsi-wawa.svg,1
Category:Tu luka (toki pona),File:Sitelen-seli-kiwen-tu-luka.svg,1
Category:Tu tu (toki pona),File:Sitelen-seli-kiwen-tu-tu.svg,1
Category:Tu wan (toki pona),File:Sitelen-seli-kiwen-tu-wan.svg,1
Category:Walo jelo (toki pona),File:Sitelen-seli-kiwen-walo-jelo.svg,1
Category:Walo laso (toki pona),File:Sitelen-seli-kiwen-walo-laso.svg,1
Category:Walo loje (toki pona),File:Sitelen-seli-kiwen-walo-loje.svg,1
Category:Walo pimeja (toki pona),File:Sitelen-seli-kiwen-walo-pimeja.svg,1
Category:Wan luka (toki pona),File:Sitelen-seli-kiwen-wan-luka.svg,1
Category:Wan tu (toki pona),File:Sitelen-seli-kiwen-wan-tu.svg,1
Category:Wawa tenpo (toki pona),File:Sitelen-seli-kiwen-wawa-tenpo.svg,1
